split,source_file,run_index,n_samples,BL_DeadZone_cmd,BL_DeadZone_zc,BL_ReversalErr_cmd,BL_ReversalErr_zc,BL_HystArea,BL_DirFE_Asym,STIFF_TorqueSlope,STIFF_ComplStd,PosFE_Slope,FR_Coulomb,FR_Viscous,FE_RMS,FE_Max,n_cmd_reversals,n_zero_crossings
train,train_load0_1e_m15_200x5.csv,1,299951,0.0,0.0,8.50693034343601,3.8943737106362937,0.004335779760155015,2.1931581157307525,-0.9251627362885064,0.014416526176076964,0.2947477636732198,2.3461190075497362,-0.06320458350285708,3.6465592807996554,13.866289549022014,1,7
train,train_load0_1e_m15_200x5.csv,2,299951,0.0,0.0,11.835279423378495,4.53728590674524,0.007582988884186614,3.023221106468632,-0.7745159926189314,0.01535580125339766,0.6087448177374718,2.363907109955237,-0.0709546749602211,4.2221201853565296,16.558036633336997,2,8
train,train_load0_1e_m15_200x5.csv,3,299951,0.0,0.0,9.31662659472704,6.037256794972635,0.018218461420150447,4.268610333652267,-0.7045849575674876,0.007181370144229826,0.9871553042377248,2.4327477911132847,-0.1030488024791854,4.932323697387232,19.486614868631023,2,8
train,train_load0_1e_m15_200x5.csv,4,299951,0.0,0.0,5.64901426798599,3.041701196322401,0.005887501478655414,3.880475097122661,-0.8800942157573659,0.014458380784562724,1.3594606491556616,2.201566298290702,-0.07038913529574363,3.6852157000446213,15.679579872312019,1,10
train,train_load0_1e_m15_200x5.csv,5,299951,0.0,0.0,14.492839238198997,6.436578888232631,0.004436803620541469,2.47336109401488,-0.6364371498538175,0.016965515423738912,0.7731385084937143,2.5972434069746213,-0.12043044484140802,5.525012068605549,19.559060206889,1,8
train,train_load0_1e_m15_200x5.csv,6,299951,0.0,0.0,17.765847766416982,2.8753315368013355,0.012602151430013517,0.6856579221207078,-0.5686995717199904,0.011345279875911456,0.37483948592168825,2.7059559800135857,-0.13116910229900786,6.282878312519685,19.162219266534976,3,6
train,train_load0_1e_m15_200x5.csv,7,299951,,0.0,,7.90570509225729,0.019808635953752003,6.472468974256934,-0.7581200828445684,0.008193225540177831,1.5901117540312775,2.6477232312403953,-0.12451180123335258,5.663407000000273,18.249894836667977,0,10
train,train_load0_1e_m15_200x5.csv,8,299951,0.0,0.0,11.671101024484528,5.415353329558869,0.012391345870102143,0.07474872309345226,-0.6481750506562524,0.007144858973485773,0.7370382742848796,2.352251415134313,-0.11769833850142736,4.968375620078643,19.014364200622026,2,8
train,train_load0_1e_m15_200x5.csv,9,299951,0.0,0.0,12.547804112359529,5.051290200179125,0.019661147467807113,2.3649944424992957,-0.7823510494519459,0.006195952419231398,0.6314730939953934,2.4553062133902754,-0.1083087580161081,4.443681101823176,15.808528391619006,2,8
train,train_load0_1e_m15_200x5.csv,10,299951,0.0,0.0,8.73452243184397,5.460385086644237,0.018231148963030172,0.9445726773427925,-0.5842688959918472,0.010623083473843348,0.4171464958957645,2.478107446717658,-0.10817929672200925,5.4506223094739115,19.905078803337062,1,8
train,train_load0_1e_m15_200x5.csv,11,299951,0.0,0.0,8.936588519181953,2.6068179786448504,0.020446450141869525,0.47185482381917154,-0.7019084213377745,0.006716497208407264,0.551177003122179,2.3755681059568032,-0.11509031051174907,4.617907712852784,18.796934136493974,2,6
train,train_load0_1e_m15_200x5.csv,12,299951,0.0,0.0,12.376855067449677,3.5195368757167182,0.008081026499912628,1.4701939223060179,-0.8082152162557267,0.012267048114687666,0.6170166325041168,2.417341401344615,-0.07992233631597728,4.17597137206029,16.242125158034014,3,7
train,train_load0_1e_m15_200x5.csv,13,299951,0.0,0.0,12.05249745514999,5.458651304823626,0.004929088114584106,0.5761129180765243,-0.7438982378198408,0.01094388097971301,0.19092519965641427,2.4598240003954066,-0.07980896431864468,4.480679353576105,15.800415415287034,1,8
train,train_load0_1e_m15_200x5.csv,14,299951,0.0,0.0,10.545069464851963,3.7616653090694205,0.020420811035936,0.9664742481620796,-0.9153991614827567,0.004240534932382847,0.3741589560700417,2.337127108396918,-0.0770266127452307,3.574683202371078,13.957005269911974,2,7
train,train_load0_1e_m15_200x5.csv,15,299951,0.0,0.0,8.887326683585997,5.640691073085707,0.00978286830890997,2.234021928430193,-0.6135715118731186,0.01687829119402965,0.334758654167056,2.531280205790044,-0.10810329546851392,5.492675557325974,19.51084494326301,2,7
train,train_load0_1e_m15_200x5.csv,16,299951,0.0,0.0,16.30314876480699,1.7778229658475009,0.006174439888332803,0.2650400857368238,-0.6231158566903265,0.014208746596454035,0.4807269098207997,2.481034622625975,-0.12107578110984116,5.2960779892176495,19.98327234485197,2,6
train,train_load0_1e_m15_200x5.csv,17,299951,,0.0,,3.974750392675219,0.006784160333244241,0.8829552556429996,-1.1698919287112752,0.006661848380520622,0.07750428520213208,2.1700785128910796,-0.10581867045524765,2.666216008668413,9.463629189471021,0,9
train,train_load0_1e_m15_200x5.csv,18,299951,,0.0,,6.6475682059720045,0.012438131771076645,5.549460246633366,-0.7704993652800827,0.007328848609926645,0.4037604172655635,2.4160980809039896,-0.12156415449605935,4.913269288781851,19.953718521186943,0,10
train,train_load0_1e_m15_200x5.csv,19,299951,0.0,0.0,13.29954401898199,5.457995378134374,0.003406067544661852,4.483063629387246,-0.6789026836492492,0.02235743022406716,0.5096807696849507,2.426911328278481,-0.11931555585671912,5.263230116247246,18.121382173791005,2,8
train,train_load0_1e_m15_200x5.csv,20,299951,0.0,0.0,11.349713735321018,5.2081072478123716,0.004508650491944039,4.589399321736792,-0.8437826277088954,0.017056793525730512,0.7167028806558107,2.4452955884097864,-0.07557725634021899,4.438023286438241,15.664218233875033,2,8
train,train_load0_1e_m15_200x5.csv,21,299951,0.0,0.0,11.180646131753576,2.9049239958449755,0.006914192240225735,0.6830395578097028,-0.8846279913717437,0.006464509519570268,0.46649412678482965,2.3151346198776346,-0.04856358160978723,3.645889174500023,14.34096659290708,2,7
train,train_load0_1e_m15_200x5.csv,22,299951,,0.0,,7.268409143969251,0.006059344973570618,3.540818235672107,-0.6248776977503291,0.016724034320019766,0.2877192799217635,2.6207763286529056,-0.1053180931506211,5.9061055436243155,19.246543246837007,0,8
train,train_load0_1e_m15_200x5.csv,23,299951,0.0,0.0,19.581620930698023,6.1714761806690035,0.025899123887337797,2.3458282597775666,-0.594157089579074,0.007684427398456234,0.3907121333136602,2.6377995918261696,-0.11738993951422817,5.74111533873263,19.581620930698023,1,8
train,train_load0_1e_m15_200x5.csv,24,299951,0.0,0.0,12.818898823285508,1.739984062315519,0.008006533156926048,1.1623046812535658,-0.8057377791504398,0.004754199854679551,0.3679832545923757,2.3285515676892357,-0.047897098240631764,3.9920990634227356,15.12562131715697,2,6
train,train_load0_1e_m15_200x5.csv,25,299951,0.0,0.0,8.778636001658015,3.5034548820164315,0.005850468236187236,2.9902488712826503,-0.841989608415136,0.005603834750481338,0.44765154277612634,2.1923189290772824,-0.08988528556410824,3.7373867571731565,16.10588310437595,2,7
train,train_load0_1e_m15_200x5.csv,26,299951,0.0,0.0,11.366985994952339,5.151444760831445,0.02160702768301114,5.335511048631921,-0.657200272437527,0.0065185824446783985,0.859214815413275,2.45081288128015,-0.0884816159116681,5.2647200105037335,19.35409361316499,3,7
train,train_load0_1e_m15_200x5.csv,27,299951,0.0,0.0,19.900513870742998,4.140057822588988,0.006584402605949401,0.3123202221170356,-0.6250977899990162,0.01024559943479778,0.4035902548938758,2.5512839010071526,-0.1103711952304753,5.336112885962907,19.900513870742998,1,7
train,train_load0_1e_m15_200x5.csv,28,299951,0.0,0.0,8.271522676310013,5.163848146152568,0.003463502237068065,3.7166981502579706,-0.8207579548238523,0.019634618992173763,0.08375603540022333,2.47978535199646,-0.09369948913186656,4.527111505772086,16.658151581791998,1,7
train,train_load0_1e_m15_200x5.csv,29,299951,0.0,0.0,14.44786079721996,5.822043897763123,0.0061808668719113445,5.8994942005608,-0.6458713535722139,0.00867388247550649,0.21294131652307813,2.306502481881315,-0.13258607682536747,5.305286982537471,19.741304705128982,1,8
train,train_load0_1e_m15_200x5.csv,30,299951,0.0,0.0,10.018781124510042,3.996136393669623,0.006660691311555171,0.22339173491676423,-0.8568614435386068,0.007650946579397544,0.36221109466682255,2.35043445244055,-0.059246988541417044,3.784991904526477,14.901107801769001,1,8
train,train_load0_1e_m15_200x5.csv,31,299951,0.0,0.0,16.746845043090957,4.239287947738019,0.015607711587643625,4.253459975974846,-0.7975841251735644,0.006953814512319349,0.5852641833582801,2.551994528573615,-0.11028435774202713,4.870342203937665,16.746845043090957,1,7
train,train_load0_1e_m15_200x5.csv,32,299951,0.0,0.0,9.562964653422,5.611381674257885,0.008338181971414706,2.588017512511522,-0.8195048416967387,0.013752799138555705,0.20236066584200169,2.501180482567875,-0.09998060148446757,4.518681289856296,15.883361925569034,1,8
train,train_load0_1e_m15_200x5.csv,33,299951,0.0,0.0,18.791120223865335,4.116183731293712,0.01358693139260109,0.8203251553897823,-0.5095307551076932,0.01656076683780746,0.4468150384054326,2.610584303393476,-0.11031929103005773,6.540930867930289,19.375936744440025,3,7
train,train_load0_1e_m15_200x5.csv,34,299951,0.0,0.0,6.7830091166970305,6.261807154272093,0.028883717256745035,0.146891057552339,-0.6586688610609205,0.005465157638349547,0.27870751453020876,2.4135013425310077,-0.0611490426938649,4.697431137785418,19.406774512908896,1,9
train,train_load0_1e_m15_200x5.csv,35,299951,0.0,0.0,16.874140941275982,4.732508597170757,0.00822869069408127,2.299659834882768,-0.7189307017733184,0.011514088083524932,0.4152307809795924,2.550857218021677,-0.11636007133406484,4.992114845133136,18.311743444521994,2,8
train,train_load0_1e_m15_200x5.csv,36,299951,0.0,0.0,15.789721536098511,5.63429880268464,0.013970105092140635,1.8933198838021466,-0.7041038958284653,0.009500714745616817,0.5856808596999304,2.628770727005385,-0.1147910422346241,5.270571272712689,17.685477586714,2,8
train,train_load0_1e_m15_200x5.csv,37,299951,0.0,0.0,8.206535576450506,3.9851133246895643,0.016615759256466318,4.467196157452413,-0.8077609657279128,0.004154037733452954,0.7640080275897267,2.248480762686566,-0.08586650190870715,4.073067316696444,17.932741824703953,2,7
train,train_load0_1e_m15_200x5.csv,38,299951,0.0,0.0,11.670350812766003,2.427310894301513,0.007180653176525994,0.23274048136494407,-0.7938142352126225,0.01066610310183819,0.4307208659943482,2.504133751667565,-0.09723542582926543,4.407344390949928,16.39638863880998,2,6
train,train_load0_1e_m15_200x5.csv,39,299951,,0.0,,6.0977400764258824,0.004084975995959304,5.24951216774839,-0.8538922410958321,0.014428268257667513,1.270098502192307,2.456378758923245,-0.08622283140288997,4.597015445873836,17.617219987718045,0,9
train,train_load0_1e_m15_200x5.csv,40,299951,,0.0,,6.485868784148252,0.02262555891127582,2.4301627464922975,-0.5543111888340863,0.008231421725058618,0.2293429182987465,2.6900877550445808,-0.12228029403159525,6.4540793920103035,19.638307631081034,0,8
train,train_load0_1e_m15_200x5.csv,41,299951,0.0,0.0,13.42268249731103,5.4169047395586825,0.01711067852813583,1.5442451813597033,-0.6629702114319956,0.008503360517478699,0.35129164516877304,2.6814313448178533,-0.11759934626299234,5.575993133520537,17.702529130029006,2,7
train,train_load0_1e_m15_200x5.csv,42,299951,0.0,0.0,9.673334646665012,5.411960436397877,0.006058129666834841,0.47210935769458207,-0.7440894424923808,0.00624567718426608,0.4040429271124148,2.34975074775412,-0.06756899634064385,4.1966076086568815,16.189303017621,1,8
train,train_load0_1e_m15_200x5.csv,43,299951,0.0,0.0,12.903109892147995,2.9124884433913345,0.004639234052927742,1.558879458321008,-0.7792315857133943,0.0190881561410347,0.4033507680956173,2.4226336071935703,-0.1068194114719908,4.369146723095404,15.163655062890001,2,6
train,train_load0_1e_m15_200x5.csv,44,299951,0.0,0.0,14.127474840330024,7.004992488793757,0.01911022504057336,0.4967525588429984,-0.6273425237964767,0.009974561378786764,0.6780635309934474,2.6321241119037877,-0.11508089183929446,5.521002551730616,19.452103213649934,1,9
train,train_load0_1e_m15_200x5.csv,45,299951,,0.0,,6.2728447153578895,0.004265258957419873,6.613065779804328,-0.6380834584878031,0.031120911019617774,1.0408272569920174,2.4922627584123718,-0.08731863182954155,5.922393317924917,19.551031994338985,0,9
train,train_load0_1e_m15_200x5.csv,46,299951,,0.0,,6.2864806257994985,0.006975352437244112,3.335661603671901,-0.772690672857788,0.011869332896892668,0.24436073638193612,2.6134416183776974,-0.10960154213620238,5.015993675118039,17.541982534288024,0,8
train,train_load0_1e_m15_200x5.csv,47,299951,0.0,0.0,5.507257632035021,4.288978879148007,0.006561278381198096,0.3371921601038954,-0.5768531579320605,0.005823183197813823,0.08764291563487454,1.9833293027844534,-0.13636220148174916,4.510021925730919,19.32915768033797,1,11
train,train_load0_1e_m15_200x5.csv,48,299951,0.0,0.0,5.738702082677008,4.780533499425623,0.005641644795650892,0.4313444800481889,-0.5860741633817829,0.020440176717706794,0.2895113830563287,2.305844920903823,-0.06855852636295698,4.855410246941681,19.785388973008992,1,8
train,train_load0_1e_m15_200x5.csv,49,299951,0.0,0.0,11.20501089328701,5.950299431623283,0.015566046825957972,1.0560947997445451,-0.5924392911869372,0.012283963852545253,0.6883987887625244,2.5285187511780314,-0.09997063785241614,5.619428605624297,18.909784536314987,3,7
train,train_load0_1e_m15_200x5.csv,50,299951,0.0,0.0,7.2225586316339445,2.8608128319611787,0.02491468829557265,0.815930585682132,-0.8088429915511447,0.004067675408003026,0.34861306071349235,2.292788354359299,-0.10182363036230868,4.017024522765674,15.742863712569033,2,6
train,train_load0_1e_m15_200x5.csv,51,299951,0.0,0.0,16.255294848727658,2.676641828558502,0.019327824236357042,1.1113849896139856,-0.6314475025015218,0.005292080133392117,0.41077724590414966,2.5073911881966318,-0.09266214521333574,5.221595291125399,19.440612597104064,3,6
train,train_load0_1e_m15_200x5.csv,52,299951,0.0,0.0,13.569267112069497,4.422570134676415,0.008522544054103055,1.9938276642063508,-0.8303989279512072,0.007805870719147115,0.7896688743065463,2.541016638179241,-0.10171421957563181,4.4853745287802305,14.763684398706005,2,7
train,train_load0_1e_m15_200x5.csv,53,299951,0.0,0.0,4.445397231360971,3.8304511022099064,0.022002415342422595,1.049794608811049,-0.735902025082837,0.005074821591086293,0.6349394050205766,2.1104352585684985,-0.11744040244589087,4.081539273108402,15.913679314777937,2,12
train,train_load0_1e_m15_200x5.csv,54,299951,0.0,0.0,13.904006400164008,4.627175251802863,0.00530056734828212,0.7648539673380457,-0.6544000370455527,0.006954514717752478,0.1801887041428746,2.404439853458885,-0.10183365253606515,4.898247960374057,18.494942688764922,2,7
train,train_load0_1e_m15_200x5.csv,55,299951,0.0,0.0,14.605046320050008,4.597201988217892,0.017456960291958364,1.2362071185404995,-0.6592458499474364,0.009021919795949039,0.1901200220088605,2.559736427460171,-0.11798028801366368,5.218919146347293,18.791700426888042,2,7
train,train_load0_1e_m15_200x5.csv,56,299951,0.0,0.0,10.144201921094975,4.7666692847227035,0.016340964973579147,3.159976313317128,-0.7259352573300318,0.005248934128844842,0.7782348276491174,2.4602958505355246,-0.10028315818050507,4.729407560423969,19.852020667663055,2,7
train,train_load0_1e_m15_200x5.csv,57,299951,,0.0,,6.938579066586698,0.004419060390194949,5.705109987224542,-0.7982011845353568,0.012470550423256116,0.35808522601424586,2.4519558051102024,-0.12212513007129798,5.012958320476808,16.17521097883298,0,10
train,train_load0_1e_m15_200x5.csv,58,299951,,0.0,,3.087094937548869,0.023799680331250978,2.299317769259094,-0.7660806353181369,0.004272980299510993,0.11488508575955177,2.172722811660044,-0.07030383487862175,3.6720964985665905,17.16872342596207,0,8
train,train_load0_1e_m15_200x5.csv,59,299951,0.0,0.0,10.235726863332516,6.1661661064789905,0.0021857815867981746,6.401009984217184,-0.6642528769732546,0.025374470817467933,0.8741378273579389,2.503402832133368,-0.10258763856421659,5.623200709279121,19.406979275222994,2,7
train,train_load0_1e_m15_200x5.csv,60,299951,0.0,0.0,7.256372999547921,4.532158794887713,0.00753648776508822,2.73783295305098,-0.6693327205439215,0.0044294469016401715,0.3262338848307789,2.1946126936107455,-0.06150592873646699,4.005240159251087,19.34284698688498,1,7
train,train_load0_1e_m15_200x5.csv,61,299951,0.0,0.0,4.401359225220972,1.7747745310685212,0.00875199767939636,1.9156354557056758,-1.2570657348611662,0.002776815071806819,1.343305942879052,1.8299555697652758,0.0022258407778268123,2.1642250005609234,10.522331467981985,1,17
train,train_load0_1e_m15_200x5.csv,62,299951,0.0,0.0,4.880058403716021,6.591056566355557,0.017897092783089142,0.6170240542043022,-0.6172264731084918,0.008621338018293017,0.33817626502369597,2.3278218544669453,-0.1161013754827223,4.905040198114499,18.35408259191604,1,9
train,train_load0_1e_m15_200x5.csv,63,299951,0.0,0.0,9.238864624943062,5.267357503727713,0.007039031178152327,3.2085529576736143,-0.716084562467217,0.006118668771444674,0.5633762462439473,2.389013163873837,-0.0783979998794467,4.588362215598098,19.763732483197032,2,7
train,train_load0_1e_m15_200x5.csv,64,299951,0.0,0.0,12.139124642620516,3.975110184271003,0.016941890914122744,2.178092159120741,-0.5730079667889527,0.008103003193437161,0.41290884160957014,2.0680601879152456,-0.10192269572530677,4.693236625739202,19.718146775908053,2,8
train,train_load0_1e_m15_200x5.csv,65,299951,0.0,0.0,11.712860389405023,7.773296766558752,0.025100407920142582,0.8332458182700666,-0.6341731203603065,0.00683425288878203,0.09028612827605094,2.694585327823551,-0.12178282222571041,5.71624302877026,18.060645551491916,1,9
train,train_load0_1e_m15_200x5.csv,66,299951,0.0,0.0,14.7282816649915,3.6447639332312827,0.0014060479960791056,1.4695878218091383,-0.7057448402363253,0.015554510308314833,0.4594763847731615,2.3373194514939386,-0.10630620305120579,4.382893175607798,18.767886939166033,2,7
train,train_load0_1e_m15_200x5.csv,67,299951,0.0,0.0,10.833943328233033,3.6117636669893236,0.0099482623034972,2.374125679718251,-0.8001568587224052,0.006969208944805355,0.5373969714284569,2.390805696728885,-0.0756884870874279,4.171907508710918,16.855330992984022,2,6
train,train_load0_1e_m15_200x5.csv,68,299951,0.0,0.0,13.463012572820446,7.069412394177121,0.02689336770139253,4.711262501019009,-0.6826007594945921,0.006050379843562773,0.5242458482270992,2.721480438046715,-0.12333461342272924,5.909568001211776,19.46692966992896,2,8
train,train_load0_1e_m15_200x5.csv,69,299951,0.0,0.0,15.352067993931541,6.716107127076995,0.02070621129918017,3.0079465067329174,-0.6305379851176364,0.006069515213025198,0.373045553042604,2.7129775671567415,-0.1253586053047287,6.018275460572121,18.863825822728018,2,8
train,train_load0_1e_m15_200x5.csv,70,299951,0.0,0.0,15.024301039176493,4.84324468882986,0.00924459350994533,2.3680033511474443,-0.6489972552297563,0.01565385564522082,0.6245862221722667,2.6849549769419885,-0.12251405443905711,5.719750268522622,17.856253099569017,2,7
train,train_load0_1e_m15_200x5.csv,71,299951,0.0,0.0,12.269950698202024,3.4456451986789927,0.007653225874772926,0.2744005089459405,-0.8432896547523812,0.008812385262668554,0.5700718876002627,2.2330962986150817,-0.10437817642074831,3.6634766901404063,15.626216199496014,2,7
train,train_load0_1e_m15_200x5.csv,72,299951,0.0,0.0,13.259917789720703,3.3209859094811427,0.023373572627376795,1.1224636203818523,-0.6746649482564226,0.005676870197288857,0.3711304772183656,2.6107833637876245,-0.11975696493690921,5.2937719053777395,17.40726161553107,3,6
train,train_load0_1e_m15_200x5.csv,73,299951,0.0,,14.489032490475324,1.0176406363230057,0.004593743857028875,0.5580503123976346,-0.7653903149621872,0.009410139860608175,0.3918758498978639,2.4400670788963406,-0.083565912474506,4.455455074285286,15.315287258985961,3,5
train,train_load0_1e_m15_200x5.csv,74,299951,0.0,0.0,4.951055013808997,5.81082119714587,0.008702017484053238,0.0996438355942324,-0.6349783833772795,0.020426226001691153,0.3588511256853192,2.4020962412212903,-0.1225612754771525,5.110089857501832,17.648460672917025,1,8
train,train_load0_1e_m15_200x5.csv,75,299951,,0.0,,6.108998088592987,0.023931608516077157,0.9803885579626588,-0.6514943225614519,0.006432991309683875,0.13401886862118317,2.458462493201824,-0.08052180165401951,5.013802512144669,17.899476317238054,0,9
train,train_load0_1e_m15_200x5.csv,76,299951,0.0,,9.613420821896321,0.7579050134418139,0.010688908279742332,0.27011037551276473,-0.8242063580402523,0.006858859676089125,0.45905895949241043,2.1784178658305167,-0.04623632357473782,3.5850078517065382,15.201926780546955,3,5
train,train_load0_1e_m15_200x5.csv,77,299951,0.0,0.0,16.969029769118038,2.4729765096314886,0.014075397227803719,0.9099046410511082,-0.5945444619390238,0.007441502224106139,0.343527298348878,2.641810319381425,-0.11882848505135647,5.891682861171067,19.705401254890035,3,6
train,train_load0_1e_m15_200x5.csv,78,299951,0.0,0.0,10.600126164607502,4.309452176036359,0.01020407938602628,0.9710148797295401,-0.9366260759277939,0.005931958202823963,0.8530116986577049,2.334347028755842,-0.055329193395654286,3.6062118223500144,13.164040917451985,2,8
train,train_load0_1e_m15_200x5.csv,79,299951,0.0,0.0,7.968453202653052,4.480437927641887,0.014331423517069963,2.5931122956182975,-1.0155947144425093,0.0052541962972471904,1.217879592982671,2.2789730037949734,-0.046083390140412815,3.3359427695811714,13.514926968901932,2,8
train,train_load0_1e_m15_200x5.csv,80,299951,0.0,0.0,8.108240519050014,4.617253768789851,0.004451077096742859,2.708493661729431,-0.9004981922149672,0.006906206341163847,0.40928839700627245,2.286481132891774,-0.04757187706717791,3.719284507055626,14.207448248846049,2,7
train,train_load0_1e_m15_200x5.csv,81,299951,0.0,0.0,16.373523970906007,4.394816901664001,0.010405037807379633,2.270387852502432,-0.6893836695771255,0.011596567444198938,0.6082168423672963,2.6100691684908366,-0.11174824587036333,5.207292283645321,19.830454812227003,2,7
train,train_load0_1e_m15_200x5.csv,82,299951,0.0,0.0,14.048083655784978,2.7996614183453326,0.01218453474720207,2.3157817718523592,-0.6517855166168723,0.00488620771926383,0.3707484829435136,2.2382708155306155,-0.09387997360208966,4.468512700344046,19.87267591997204,2,6
train,train_load0_1e_m15_200x5.csv,83,299951,0.0,0.0,15.155387956589683,4.803870292841842,0.013500286254030215,0.8642439510479587,-0.6075134121267254,0.007531058741745402,0.5425330492444477,2.601501849499231,-0.12092198103084734,5.706168532635072,18.59650800236693,3,7
train,train_load0_1e_m15_200x5.csv,84,299951,0.0,0.0,4.09609702646992,4.548191448758871,0.013512273075158917,2.6484797588712543,-0.8380849371098944,0.004166899188270117,0.1709565952168533,2.102966990515247,-0.07976172303883511,3.5009765649700952,16.275171261081027,1,8
train,train_load0_1e_m15_200x5.csv,85,299951,0.0,0.0,13.308599405875952,4.048855323988424,0.027808750062966014,1.323802065540792,-0.6989401450797794,0.004904843231641759,0.3928926256531617,2.3971226687924014,-0.07653114694517107,4.544850380586288,17.352598034131915,2,7
train,train_load0_1e_m15_200x5.csv,86,299951,0.0,0.0,16.103476390473503,2.807969286541507,0.005622597676366404,2.056084883584945,-0.6827818993232624,0.010293213483519706,0.3541277486717821,2.1885967017569388,-0.058862470123878956,4.164875293362009,18.13649717849603,2,8
train,train_load0_1e_m15_200x5.csv,87,299951,0.0,0.0,15.573739523898496,4.900949306457976,0.010526613552609426,1.1858989967880769,-0.6823744276952015,0.005596119593670731,0.6634585463611928,2.5605679392593528,-0.097419732472263,5.166794717805658,18.297903342357017,2,7
train,train_load0_1e_m15_200x5.csv,88,299951,0.0,0.0,12.846054306909082,4.975203949384735,0.011495097950959595,3.0577201486003216,-0.6182711415002311,0.0059723010214826275,0.4731337516164491,2.4949015930867087,-0.09248918247733397,5.294648245591572,18.559779096282,1,8
train,train_load0_1e_m15_200x5.csv,89,299951,0.0,0.0,14.361897437736957,5.318679144992885,0.0030159775339802897,1.3600146040563863,-0.7135901748857196,0.007624714812315372,0.803280429838971,2.2931333571538235,-0.10520540132194868,4.504228266916695,18.080463555324968,1,8
train,train_load0_1e_m15_200x5.csv,90,299951,0.0,0.0,7.809872463090073,6.222024465993755,0.010325631247350153,3.377640635840462,-0.7144116189037634,0.007516000792033476,0.8821392012892556,2.478627005648294,-0.10371063339545515,4.855603479394213,17.02385465854104,1,8
train,train_load0_1e_m15_200x5.csv,91,299951,0.0,0.0,9.391692248321325,4.354263560556855,0.009802476188094772,0.2826519838886776,-0.6096377909055708,0.015243930204268372,0.5842053111100467,2.169969343284569,-0.11922130117066868,4.665951548526423,18.150067356865975,3,7
train,train_load0_1e_m15_200x5.csv,92,299951,0.0,0.0,14.430980148616982,4.278372027334025,0.02314122993970851,1.8772474988681842,-0.662709106989207,0.006710344117668988,0.5885876029567543,2.641543874062941,-0.11781584409612732,5.424540102944801,18.443988118361972,2,7
train,train_load0_1e_m15_200x5.csv,93,299951,0.0,0.0,12.055036448251997,3.9720171376888596,0.005537690797785546,0.008417071859879499,-0.8041625549154127,0.011928208857652825,0.3154097608154606,2.397967028277557,-0.06684847382830447,4.0979926059171925,16.235467465309,1,7
train,train_load0_1e_m15_200x5.csv,94,299951,0.0,0.0,13.381923185945482,4.7880757745198395,0.012497241029877653,1.3874264344724456,-0.7718646181143846,0.006929527211514445,0.4270683029993398,2.4561289181458337,-0.10083856556009656,4.397783535390353,16.47929757493796,2,8
train,train_load0_1e_m15_200x5.csv,95,299951,,0.0,,5.802340355757789,0.0073250661199507966,6.027957968551891,-0.7000002252096812,0.017689164103721056,1.4878483652689822,2.478533449401031,-0.08682956665423486,5.36739131081677,19.872963535496012,0,9
train,train_load0_1e_m15_200x5.csv,96,299951,0.0,0.0,14.604513849667995,6.014394920617374,0.0036795435961856516,2.997087623522765,-0.6999068955260321,0.02014259068550961,0.10957445012070778,2.6190764673748395,-0.10994987673836468,5.235519955507196,17.884231938672997,1,8
train,train_load0_1e_m15_200x5.csv,97,299951,0.0,0.0,7.963014353972994,4.953127689322997,0.013461995596406397,2.460168289445477,-0.7812253615654324,0.006117528659959004,0.06686060800695554,2.3290824866790834,-0.08764285401953471,4.243415495713195,15.82031822075703,1,8
train,train_load0_1e_m15_200x5.csv,98,299951,0.0,0.0,7.748091673241959,5.542482134985432,0.01270185572367445,3.965813317933167,-0.7074282931797957,0.00845552649027595,1.0899841904304874,2.438499972015138,-0.12000109961276485,5.049371741318518,18.845092173245007,2,7
train,train_load0_1e_m15_200x5.csv,99,299951,0.0,0.0,11.556922385825487,4.069615621924137,0.0077130797187922205,2.6048445766065145,-0.7145784962175687,0.00596804727455935,0.36376093517881836,2.324288182528833,-0.10646654781245637,4.4244130593140065,18.773156220005944,2,7
train,train_load0_1e_m15_200x5.csv,100,299951,0.0,0.0,18.792057687549914,4.2709989079069794,0.022219375675517235,4.885417352582806,-0.6018221446134477,0.006868061655871546,0.389212140024471,2.47446890216549,-0.13306066369575204,5.947142330519699,19.83217353504199,1,7
train,train_load0_1e_m15_200x5.csv,101,299951,0.0,0.0,12.084166427614681,2.3788094159782855,0.010257889546275632,0.8165102320412698,-0.8381984205788693,0.0036639564015153387,0.43031575095755775,2.242298250209175,-0.04437669183756419,3.638621570818136,14.61641054894892,3,7
train,train_load0_1e_m15_200x5.csv,102,299951,0.0,0.0,12.479454304554011,0.9668043721030024,0.004575406536778612,4.54736943390315,-0.6876007097053001,0.015327469545676712,0.7964225716190307,2.0370527116495967,-0.0776505961561327,4.052420816171779,19.022660866889026,2,8
train,train_load0_1e_m15_200x5.csv,103,299951,,0.0,,5.9961515921373,0.02335791317879772,5.092739046555599,-0.7790152021354863,0.005782014051395506,1.8090150834688903,2.307782338510365,-0.0971591654649561,4.498535346436127,18.816155774967,0,10
train,train_load0_1e_m15_200x5.csv,104,299951,0.0,0.0,16.949494407691986,4.277080356604012,0.015369486769590336,1.3493193800417576,-0.747479520333428,0.006516745849336381,0.743681474646083,2.406523675663091,-0.1101703139586934,4.4746777305328855,16.949494407691986,1,11
train,train_load0_1e_m15_200x5.csv,105,299951,0.0,0.0,14.065407304536961,4.841603825633612,0.013170458059582023,3.5095950043882684,-0.5672386881391457,0.007777467051143595,0.45567546327920033,2.3901451922566497,-0.12426921195927944,5.598040452438749,19.889966346676033,1,8
train,train_load0_1e_m15_200x5.csv,106,299951,0.0,0.0,10.744338204277028,4.129804896872851,0.015060480737285071,3.8864858315867825,-0.6755640983862751,0.007808889386216571,0.8208829036593531,2.3193415620174527,-0.12400775048123003,5.019426683991759,19.91018117512499,2,7
train,train_load0_1e_m15_200x5.csv,107,299951,0.0,0.0,17.66067423783352,5.979361725142992,0.017157547450482993,1.3793253274258923,-0.5253797959976495,0.010976611784553872,0.5025566756676808,2.809303093515801,-0.13655630762219162,6.965880765064758,18.615851743821963,2,7
train,train_load0_1e_m15_200x5.csv,108,299951,,0.0,,7.004022321676791,0.02227689646380849,5.8220224470166215,-0.7659846710751902,0.0050868240911632265,0.2949692787923986,2.4266445688969553,-0.11886527302977981,5.164516650418297,19.156010490831022,0,10
train,train_load0_1e_m15_200x5.csv,109,299951,0.0,0.0,18.503387934018065,5.4462097432939975,0.006189538764598153,0.03249119238961651,-0.5845616890500273,0.008864353561754502,0.5762661090468637,2.351609793867353,-0.09596965224775757,5.29577195111408,18.869306690113945,1,9
train,train_load0_1e_m15_200x5.csv,110,299951,0.0,0.0,10.286870158412967,3.7772650965979926,0.01776170260193605,5.135488136861005,-0.8262693660687497,0.006519157839013293,0.9192042499221484,2.2729188063650057,-0.11534072894672055,4.267574254818582,18.060937574634977,1,7
train,train_load0_1e_m15_200x5.csv,111,299951,0.0,0.0,14.47562994953796,3.881527205943712,0.004293987891069083,1.3859237949095182,-0.7907735061991589,0.005363180823367186,0.2184027101263723,2.2597825995125307,-0.08060280777580743,4.091779731128272,14.984213969093048,1,7
train,train_load0_1e_m15_200x5.csv,112,299951,,0.0,,5.302598157893005,0.005239821762135374,1.8726158567844187,-0.6836797036366659,0.017706107770019082,0.13551387892809796,2.382749752373548,-0.11506936738675794,4.9151900029973286,18.337932362643016,0,8
train,train_load0_1e_m15_200x5.csv,113,299951,0.0,,11.516357405075306,0.9274039024902094,0.01523760218115899,4.986930005825288,-0.6903689380617236,0.008956227622536023,0.5584973689239485,2.3485788027113927,-0.111900157588999,4.965630559365667,18.400736369473975,3,5
train,train_load0_1e_m15_200x5.csv,114,299951,0.0,0.0,7.331282861198005,4.692943926648001,0.0020055534483128176,4.171629207839779,-0.7237499950216956,0.014886022107479541,0.9853223330687215,2.2365871809633924,-0.061376833830774045,4.154136821812871,19.58264101299102,2,7
train,train_load0_1e_m15_200x5.csv,115,299951,0.0,0.0,9.242215895005984,3.6336906890014284,0.005332957371216823,1.4027787724071503,-0.8590581007258887,0.01323187824037499,0.23526331954493546,2.397665049264497,-0.06264281121496981,4.049826095003421,14.50135658102198,1,7
train,train_load0_1e_m15_200x5.csv,116,299951,,0.0,,4.680714791107783,0.006386791498749564,0.9531731024361325,-0.6713136090034172,0.021929167836641374,0.30272651515427357,2.355709017233117,-0.06972694620478131,4.566174219435003,18.827608181614977,0,9
train,train_load0_1e_m15_200x5.csv,117,299951,0.0,0.0,6.967112265215974,5.17170723171757,0.0025718641502257542,0.5367275659051316,-0.5915229946669559,0.014332125186419223,0.10433295887544464,2.4472406214314373,-0.07846265068498104,5.2723097902111755,19.79090998951898,1,7
train,train_load0_1e_m15_200x5.csv,118,299951,0.0,0.0,14.752413851731035,5.071387390038495,0.0037336055675836885,0.3300219490245686,-0.8009365225002951,0.011999398167327275,0.5000857686544029,2.4488443046347177,-0.0876181038358125,4.235041690470001,14.752413851731035,1,8
train,train_load0_1e_m15_200x5.csv,119,299951,0.0,0.0,14.658806481439001,4.109551561098883,0.00641461247833891,0.8072118676738445,-0.7616873318373617,0.0068640927043577375,0.5898230063325738,2.3411194857592053,-0.09664702515706168,4.375481323751895,15.54378207062598,2,8
train,train_load0_1e_m15_200x5.csv,120,299951,0.0,0.0,18.748409648776033,3.5615473674606193,0.00818469905748668,2.4660563252097756,-0.7274720185910912,0.006062160098198241,0.31287522619021185,2.2589560523847507,-0.06856451084730603,4.020570828121704,18.748409648776033,1,8
train,train_load0_1e_m15_200x5.csv,121,299951,0.0,0.0,7.003331765259077,4.838972817491215,0.009314159252130973,3.1654727450812397,-0.8090533043141641,0.004057980071625833,0.9235012090732092,2.2016249748369026,-0.04463344372555548,3.706684191195785,17.51511844056597,1,9
train,train_load0_1e_m15_200x5.csv,122,299951,0.0,0.0,14.545548392815476,4.2422143670954995,0.009759749152175975,0.6087636282219382,-0.7499994601275994,0.0072431076633561785,0.6633775185558449,2.3893704623966676,-0.09855262164539491,4.440230809931357,16.061699403976945,2,8
train,train_load0_1e_m15_200x5.csv,123,299951,0.0,0.0,14.355881553905533,5.4870088457183135,0.022371415482644066,4.566500013839706,-0.6838121838173938,0.006273627462560079,0.8618971008271875,2.7010763304477674,-0.1217572040031391,5.879714652286826,19.181045599689014,2,7
train,train_load0_1e_m15_200x5.csv,124,299951,0.0,0.0,10.072837434255007,3.8149694371967513,0.012025268646865641,0.7782490925773113,-0.8671278003708579,0.007391285158631833,0.7787379978735853,2.2840654312061006,-0.11048416133501375,3.725662755482677,15.09895153747101,1,8
train,train_load0_1e_m15_200x5.csv,125,299951,0.0,0.0,17.649461326422966,3.7315744451933406,0.019462676635377138,0.1501522018100685,-0.5611204380971466,0.007514617314996902,0.2598896707368423,2.5203803407007674,-0.1316487579312447,5.963362762381889,19.357743292286955,2,6
train,train_load0_1e_m15_200x5.csv,126,299951,0.0,0.0,17.187895725794988,7.2022000543586655,0.017533796521481973,0.9913091707756099,-0.6296405873868528,0.008745329799812384,0.2064949103058841,2.693471328075646,-0.12480503042059167,5.754720455658251,17.187895725794988,1,9
train,train_load0_1e_m15_200x5.csv,127,299951,0.0,0.0,11.880022366216963,5.142061946981438,0.017774930801156833,3.4069674149451306,-0.7390395070109933,0.0074869270487057295,1.111904403887408,2.6200302237199105,-0.11558192563957986,5.252760625546219,16.70774716003507,2,7
train,train_load0_1e_m15_200x5.csv,128,299951,0.0,0.0,14.99095918731399,2.564826062900903,0.005431344578110518,0.9787522283836125,-0.7970231192754864,0.009354081648928652,0.3185323863969304,2.2333676554447677,-0.07051558134390498,3.883763944316015,14.99095918731399,1,10
train,train_load0_1e_m15_200x5.csv,129,299951,0.0,0.0,19.39814413607303,6.436583446333,0.022255403949865197,1.2279729007301254,-0.6126931591364895,0.005672100611546176,0.8166235705565229,2.598674656335499,-0.10228833081659987,5.661733450021696,19.39814413607303,1,9
train,train_load0_1e_m15_200x5.csv,130,299951,0.0,0.0,9.260300630672475,2.546494694729669,0.004916234096556084,3.1315424131582055,-0.8288173451201803,0.004572051747868479,0.5992187041204421,2.205532278293259,-0.1031173442341196,3.8380654371364487,16.55061978683898,2,6
train,train_load0_1e_m15_200x5.csv,131,299951,0.0,0.0,15.664345885186009,3.7720506463167,0.0077364039553584445,0.17673478271380016,-0.7205250555833104,0.01536276449709816,0.39227598561310567,2.534603830672932,-0.10187315603387917,4.852769674443162,17.380822449406025,2,7
train,train_load0_1e_m15_200x5.csv,132,299951,0.0,,12.142684506980345,1.067041488993823,0.017063876780863792,3.278338071642613,-0.7730184627552354,0.007181557746455587,0.6416015395109516,2.4578366992510707,-0.07453760949183874,4.536354269302743,17.494669553658014,3,5
train,train_load0_1e_m15_200x5.csv,133,299951,,0.0,,7.649248209118366,0.02109696949964718,6.459134517435359,-0.7004796544562002,0.005021178960734978,0.09437820262076525,2.58115766214326,-0.10047995114217415,5.739850847955367,19.71073720492018,0,10
train,train_load0_1e_m15_200x5.csv,134,299951,0.0,0.0,12.867876783871495,1.975888421094557,0.00453720705577488,1.6221089228649719,-0.8031767066574372,0.016414025745601614,0.332019513251618,2.264579115152503,-0.09593851282778339,3.9996887324030976,15.487661864480003,2,9
train,train_load0_1e_m15_200x5.csv,135,299951,0.0,0.0,10.546141575649017,7.3172557953833675,0.004269063674443128,1.3088144692050356,-0.5710258765780775,0.013352639441062736,0.02131405679153339,2.5848664272659194,-0.11443123794347966,5.804096156649591,19.681763506181994,1,8
train,train_load0_1e_m15_200x5.csv,136,299951,0.0,0.0,13.567689087895019,4.7554139140156195,0.014987253215876822,4.710765648550638,-0.7478076976578689,0.005517203252301777,0.5699324054706157,2.437891165770056,-0.09472875698018933,4.730487560324779,19.68301739848698,2,8
train,train_load0_1e_m15_200x5.csv,137,299951,0.0,,11.911146394468005,0.945827304042399,0.005670949346694074,2.435568344106222,-0.6593206535962413,0.021986580414172348,0.49619268489314705,2.4381262014445033,-0.08343838980597784,4.994172186875249,18.621168002035006,3,5
train,train_load0_1e_m15_200x5.csv,138,299951,0.0,0.0,13.96970912660504,2.7800384356160066,0.024525592150428842,1.8638899973956842,-0.65026130786616,0.006321474077998046,0.5920999681614209,2.4603952986689324,-0.07965284881322839,5.093696420330907,19.588737024182024,1,7
train,train_load0_1e_m15_200x5.csv,139,299951,0.0,0.0,16.025902896717525,5.256857522330539,0.019349544524930283,1.5314858121886576,-0.6097134112859138,0.008259894439782539,0.36350450263430745,2.5715613821528405,-0.0986326409257064,5.549257040842223,19.60340327077506,2,7
train,train_load0_1e_m15_200x5.csv,140,299951,0.0,0.0,9.321377542290065,3.984993587640872,0.027307084363655698,1.59338428180746,-0.644471754990846,0.005994301618361426,0.3270291488263486,2.3681390505539293,-0.1153114224632195,4.746979423461306,19.800164268057983,1,10
train,train_load0_1e_m15_200x5.csv,141,299951,0.0,0.0,19.51369819990998,4.669297768090999,0.015604065438517067,1.0144833758107676,-0.6201435010520416,0.00867778495118808,0.7343142594810385,2.5355816179041324,-0.09808922651241231,5.354899077776831,19.51369819990998,1,8
train,train_load0_1e_m15_200x5.csv,142,299951,0.0,0.0,6.84874201988498,3.0337380246715577,0.012958040297867792,2.2039041257186076,-1.0312606720570776,0.002991679315129037,0.8010504664512406,2.0485704269310516,-0.025682600227094836,2.8942745282943223,13.587240432191038,2,7
train,train_load0_1e_m15_200x5.csv,143,299951,0.0,0.0,13.971740288306023,4.8792110237113775,0.009999633494723246,0.6906016533725543,-0.7707501629174656,0.009365906153070234,0.3731076738414359,2.4759175077900366,-0.0763057123988343,4.432885561779728,15.958640448104973,1,8
train,train_load0_1e_m15_200x5.csv,144,299951,0.0,0.0,18.577403880631095,3.9713253853632784,0.015492591364589223,1.304721983412632,-0.6715487848555827,0.007795732985499063,0.41419120007701793,2.570295735340834,-0.10759672938001648,5.187648843686812,18.577403880631095,1,7
train,train_load0_1e_m15_200x5.csv,145,299951,0.0,0.0,5.985259799744,4.924173212986005,0.0074969878607292475,0.5838740910129792,-0.663706122840172,0.019191289961733325,0.38639986349671657,2.392064153952469,-0.0820559408262498,4.706000593387076,18.596757447469997,1,8
train,train_load0_1e_m15_200x5.csv,146,299951,0.0,0.0,12.099997612459447,4.082726253463842,0.01731259095764613,0.7487486481641392,-0.7250573058904574,0.007270250705119435,0.40711968614238475,2.488026811277372,-0.09667408703297843,4.692993885955991,15.380805732237945,2,7
train,train_load0_1e_m15_200x5.csv,147,299951,0.0,0.0,17.214411062952507,3.153457920815981,0.00887839087712614,1.4860104352554648,-0.6757327725456591,0.009956057667394975,0.609610191024809,2.5796389538594893,-0.10730894152381928,5.185238755776966,17.41237856256498,2,6
train,train_load0_1e_m15_200x5.csv,148,299951,0.0,0.0,12.591898086749893,6.042762760061527,0.011723274461326079,2.6439061276384064,-0.758699535104012,0.004499175360930071,0.9547089748279769,2.4756755180732015,-0.08184345545757078,4.706738653335663,17.578040645810006,1,9
train,train_load0_1e_m15_200x5.csv,149,299951,0.0,0.0,15.884265418265045,4.669380434792986,0.028691048712761104,0.47016064900917165,-0.5438070227270153,0.00658895240297933,0.4208289214777147,2.650884368381616,-0.11514425977628077,6.251091817960658,19.354217161837028,2,7
train,train_load0_1e_m15_200x5.csv,150,299951,0.0,0.0,7.578954649661,1.8316690716008281,0.004629963692256991,0.3990921512205339,-0.9229428253478669,0.010243397275357304,0.38618073366555833,2.1772977360521972,-0.04846005520198526,3.192988940097157,14.475315541615998,3,6
train,train_load0_1e_m15_200x5.csv,151,299951,0.0,0.0,8.579938046017517,4.6892700403398555,0.006105211131145113,1.5085463489089999,-0.6575757956606519,0.02292901085132925,0.6654448930714958,2.490944215042048,-0.0904965433937098,5.0595331919248085,19.67014951745699,2,7
train,train_load0_1e_m15_200x5.csv,152,299951,0.0,0.0,7.480786985194015,4.005004166571368,0.0036790513880552477,1.6172733536035864,-1.0093629356698623,0.009672685327891868,0.9151991455444478,2.1824745232759626,-0.02556250254997638,3.0770197943221107,13.82359378117502,2,8
train,train_load0_1e_m15_200x5.csv,153,299951,0.0,0.0,14.990743976017995,3.7642974415825683,0.010141285519668733,5.497144642420452,-0.7327341645612817,0.013704376706487465,0.9406755125473187,2.466411419459955,-0.0876574743927948,4.965081401540953,19.68537014578601,1,7
train,train_load0_1e_m15_200x5.csv,154,299951,0.0,0.0,7.766426539942927,5.602025559072002,0.01404115182725939,0.7712243263010321,-0.8551342091334875,0.004837713773122028,0.27733395852864723,2.3791707203738492,-0.09335105816290787,3.832336182719652,15.363901537604988,1,9
train,train_load0_1e_m15_200x5.csv,155,299951,0.0,0.0,14.26871937968906,6.75319271768285,0.019853933879757,0.6764483671091011,-0.6597912544271074,0.008813069368247278,0.3309353188015264,2.6869900150696755,-0.11768375789722975,5.568375898086901,16.974988870654897,1,8
train,train_load0_1e_m15_200x5.csv,156,299951,0.0,0.0,14.243776350328517,3.6498455705202724,0.0059443614407296555,2.0853156678650286,-0.615907852221935,0.008546244796331457,0.5054206329118347,2.35200604444813,-0.12536021495081057,5.281028542985932,18.265916208688054,2,7
train,train_load0_1e_m15_200x5.csv,157,299951,0.0,0.0,10.138859701046044,4.171244821702885,0.011317414281466428,1.0276362291354264,-0.9997514750809845,0.005252985056768514,1.1054229560447948,2.1310842120755003,-0.09516315366710795,3.1508738039128734,12.524476606041048,1,9
train,train_load0_1e_m15_200x5.csv,158,299951,0.0,0.0,7.185467482590013,5.130669553574888,0.003631991760095596,3.312672684957335,-0.9089392913578151,0.015727371887474483,1.1777768439916225,2.281160022947336,-0.04502028181280882,3.6502932078430654,15.720371878766997,1,9
train,train_load0_1e_m15_200x5.csv,159,299951,0.0,0.0,11.984994023135982,4.376170749729438,0.01464123300498782,2.5425630987437153,-0.6425991344752234,0.01016550939191483,0.2607945700544976,2.5398640263143215,-0.1078777754402356,5.339398937091115,19.210591383653025,2,7
train,train_load0_1e_m15_200x5.csv,160,299951,0.0,0.0,10.854862356154968,4.738588554241995,0.025678924347194158,0.005899570696877632,-0.794571560527756,0.004477375151200617,0.3009326482230195,2.532212794397683,-0.08909787771992898,4.505403244707742,14.608431080277,2,7
train,train_load0_1e_m15_200x5.csv,161,299951,0.0,0.0,7.790840459463993,3.706348458680444,0.015378789233003108,2.02043709297132,-0.8810555467720956,0.0042218007894838155,0.8646264698823967,2.264607228203215,-0.04394587572719908,3.6509460164606824,15.755432891546093,2,7
train,train_load0_1e_m15_200x5.csv,162,299951,0.0,0.0,16.100234981374,4.5187102216787185,0.014688185610029847,0.8389051032689858,-0.560181294823907,0.009142215373257708,0.4027303565372325,2.6072981084756437,-0.10786250831465946,6.092655352114682,19.105508307799937,1,7
train,train_load0_1e_m15_200x5.csv,163,299951,0.0,0.0,10.07498701740451,7.07061463094275,0.013599924084809178,3.1994770554627117,-0.6163513698789808,0.014836932599927627,0.6576263455774533,2.5540337482972766,-0.10732461102701554,5.771962762557391,19.65218892099898,2,8
train,train_load0_1e_m15_200x5.csv,164,299951,0.0,0.0,15.017555246288984,1.6986994048936594,0.00991594012967756,1.5020787741545614,-0.6970015665985468,0.004873521976770285,0.3788677870942996,2.3678004066412743,-0.09852429029814501,4.626403122793538,18.545578641055954,3,6
train,train_load0_1e_m15_200x5.csv,165,299951,0.0,0.0,12.33764112156797,4.853979116074989,0.013213377235037908,2.2186536970350255,-0.7393243945458922,0.008879862683475882,0.5022602713221683,2.5784371347484987,-0.10169294540493017,4.930710085944705,15.722066658590961,2,7
train,train_load0_1e_m15_200x5.csv,166,299951,0.0,0.0,14.613797307086998,6.2615346804645595,0.01475958790757764,0.6496607420886091,-0.5486813435919972,0.009420771800908018,0.28235039088933483,2.7749239967762107,-0.13119447095911566,6.582966152452052,19.53516166226302,1,7
train,train_load0_1e_m15_200x5.csv,167,299951,0.0,0.0,5.523292191469977,5.344413734069377,0.009645990998516736,4.546364182580831,-0.6934180894189462,0.010825360553673013,0.981256392410969,2.1615825631533885,-0.0657189672794259,4.325031624672458,19.331552457284033,2,8
train,train_load0_1e_m15_200x5.csv,168,299951,0.0,0.0,13.87194072446249,1.8912567775179998,0.005089287556758457,3.2290802903860603,-0.7062391258769061,0.009423670873768053,0.24979248749414787,2.3479016895457097,-0.07148746023487891,4.439081243758666,19.34681782921797,2,6
train,train_load0_1e_m15_200x5.csv,169,299951,0.0,0.0,11.8230937544715,1.1025634464372516,0.012839564932894117,1.6030849586609826,-0.6339407802937491,0.010469853909569025,0.37799115135302164,2.2972672247426544,-0.09444044031153519,4.888009071753069,17.999260714260004,2,8
train,train_load0_1e_m15_200x5.csv,170,299951,0.0,0.0,10.739159396237,3.206570860453916,0.005051365242887133,6.605764129335557,-0.6453776541512228,0.010575724900841922,0.7017197970924876,2.3562544098916907,-0.11160436353342572,5.604554712356181,18.81124120446998,2,13
train,train_load0_1e_m15_200x5.csv,171,299951,0.0,0.0,9.98416505596299,4.035422229581002,0.00517110502730888,2.9485044001097953,-0.7918048735822788,0.020979100369239265,1.2535346988469345,2.292774401927579,-0.11099568673799302,4.26871614772272,17.51938473255001,1,8
train,train_load0_1e_m15_200x5.csv,172,299951,0.0,0.0,5.629335844774005,2.978586904551451,0.013387651127223175,2.931243328748008,-1.0430912353885122,0.003943821563922132,0.8600825118536011,2.08231335097196,-0.04721694872625602,2.883024351702329,12.11369239607393,2,7
train,train_load0_1e_m15_200x5.csv,173,299951,0.0,0.0,11.684479196096987,3.5937060690225655,0.004800440952718892,4.1134879044523185,-0.7890185808809361,0.013238556373138576,0.4117580133798431,2.416167058600499,-0.07529517115101797,4.459468371869147,15.730755434201,2,7
train,train_load0_1e_m15_200x5.csv,174,299951,0.0,0.0,12.614989230025685,3.8053480728758395,0.0212614159148924,0.1316822366038748,-0.6664147767029011,0.007594089401226524,0.41069219388083666,2.5806714289782957,-0.11467565696614813,5.247284401632256,17.1860767735119,3,6
train,train_load0_1e_m15_200x5.csv,175,299951,0.0,0.0,7.079167496862965,5.015897280717289,0.004641833046028377,0.16698110325807036,-0.6357179287088262,0.0070852648338071925,0.027930605127995688,2.360229083447273,-0.09308155784583881,4.945915390597153,17.79182287802405,1,7
train,train_load0_1e_m15_200x5.csv,176,299951,0.0,0.0,5.037190553894902,5.316384985443425,0.019432570501407807,2.97923739779011,-0.6317852667909648,0.007050466357727701,0.2684817201195866,2.474057737785052,-0.12438501308129368,5.423060061638541,18.655445507577042,1,7
train,train_load0_1e_m15_200x5.csv,177,299951,,0.0,,7.690349870738094,0.011531936154247153,6.0795710155472396,-0.831726306156029,0.01033750916459882,0.8590956110719852,2.6784907383687933,-0.11376328019591396,5.2991542515610774,18.67158804638001,0,10
train,train_load0_1e_m15_200x5.csv,178,299951,0.0,0.0,12.772368965307976,5.3728058342838665,0.014660362398478047,0.37105834100437285,-0.5752157266029914,0.011832892584627568,0.6459890177053447,2.4056501652418096,-0.08456164177070816,5.362672234199225,19.864509200368957,2,8
train,train_load0_1e_m15_200x5.csv,179,299951,0.0,0.0,8.5093346888101,6.290922870567627,0.02067107814987711,2.972510683339002,-0.55187867787116,0.007239411488289675,0.12385812914448895,2.521278527229755,-0.09472665427811154,5.8863095987400325,19.808844365237974,1,8
train,train_load0_1e_m15_200x5.csv,180,299951,0.0,0.0,16.92414689912647,2.256948120134117,0.010585756411665728,1.7333340054998425,-0.5987497734798461,0.010575734318150565,0.3285498526755967,2.417213172210786,-0.1266966679844199,5.452160569091994,19.573265569282967,2,9
train,train_load0_1e_m15_200x5.csv,181,299951,0.0,0.0,15.007897898056001,6.20719363227812,0.001746388638303843,0.054909490492165425,-0.6686824271272601,0.016883128994520283,0.4601887461025384,2.532086572395211,-0.08671862677884977,5.067951851442757,18.51885979662603,1,8
train,train_load0_1e_m15_200x5.csv,182,299951,0.0,0.0,8.749588447848055,2.6956181249113778,0.013407369211938731,2.1785266225579325,-0.8808553495095169,0.0033412455822731104,0.1026454808760236,1.9646661849881568,-0.08051646624798157,3.135051002585346,15.08800681238597,1,13
train,train_load0_1e_m15_200x5.csv,183,299951,0.0,0.0,18.78537257877801,7.2760304584061295,0.0007788633542811341,4.077273888403001,-0.5519302275962004,0.029636085052908184,0.04246023564786909,2.471793336462405,-0.1368150925610006,6.27877183465098,18.78537257877801,1,8
train,train_load0_1e_m15_200x5.csv,184,299951,0.0,0.0,10.314122939965955,7.288824519227433,0.02361825802926392,0.633689975446968,-0.6688027297859699,0.005666642204335395,0.6531799061956765,2.634138756406166,-0.11688461136349738,5.28838012768043,18.440010203603947,1,9
train,train_load0_1e_m15_200x5.csv,185,299951,0.0,0.0,10.494004171148987,4.307799486265367,0.004905728471844249,1.6739558865149569,-0.7834387398698899,0.008837027261170227,0.3896407252602739,2.2511937636323465,-0.07703686994690012,3.9244742816013147,15.09749560891197,2,8
train,train_load0_1e_m15_200x5.csv,186,299951,0.0,0.0,9.793138383988,2.127487760447569,0.006431180481890818,1.0613609136387985,-0.9405865118532605,0.005798662168791774,0.5342219449269942,2.072308219068219,-0.032236678997730674,3.003946576920063,14.189125261473976,3,7
train,train_load0_1e_m15_200x5.csv,187,299951,0.0,0.0,8.23945018705001,6.099219328640111,0.0142153666837198,0.9138324516535317,-0.7345303365611016,0.004452251681840191,0.019340115789034735,2.4206181814480967,-0.08800645980457253,4.425016333007755,16.662598103962978,1,9
train,train_load0_1e_m15_200x5.csv,188,299951,0.0,0.0,14.86921822043496,5.807238123149672,0.011021064913380839,2.7582725645642276,-0.6955890564404508,0.008535654069030164,0.09993941557644044,2.4644042406320117,-0.10596075984208157,4.820940238418268,19.039584456933994,1,9
train,train_load0_1e_m15_200x5.csv,189,299951,0.0,0.0,18.957066435018533,6.084918368448854,0.021573149875872954,2.5546655416095785,-0.5866243333323198,0.00775878173054363,0.5774460838223273,2.7134753643733336,-0.13088753671822265,6.296532825776571,19.24215446369601,2,8
train,train_load0_1e_m15_200x5.csv,190,299951,0.0,0.0,14.854445297081043,4.946528115816363,0.011402410235061701,4.100237172512742,-0.6727394008525411,0.008914663766392363,0.4346652524756783,2.4720311157613257,-0.09529582205888903,5.180650863114228,19.73548765978603,2,8
train,train_load0_1e_m15_200x5.csv,191,299951,0.0,0.0,13.051144740043014,3.708248451511281,0.0174501249164805,0.12432461402098305,-0.7285210201307349,0.004885957620743726,0.45298750294412693,2.452615363577225,-0.09047912999457118,4.4979107282977555,18.480105266162013,2,7
train,train_load0_1e_m15_200x5.csv,192,299951,0.0,0.0,13.213267145836994,4.567943302560266,0.008137289173572829,1.4205257510267488,-0.7775697187902293,0.005153186319442313,0.51866259550591,2.2411777747416366,-0.10751737423735383,3.967103026029445,16.387943895106105,1,8
train,train_load0_1e_m15_200x5.csv,193,299951,,0.0,,6.154922849913457,0.007614478129043304,5.893245133410678,-0.6330993884785673,0.008752099313317071,0.5000402334628804,2.2794289524573923,-0.104852611178818,5.3153478400288545,19.880857280916985,0,9
train,train_load0_1e_m15_200x5.csv,194,299951,0.0,0.0,8.351514210855498,1.55611815870184,0.0027177989995364605,0.8114578388247713,-1.166687344553905,0.009519102698627437,0.2615174014450343,2.123900413027149,-0.09782584131006926,2.529643850072609,9.185383030797027,2,6
train,train_load0_1e_m15_200x5.csv,195,299951,0.0,0.0,11.941928958954009,6.753624821153115,0.014617956955918686,0.5760869242292745,-0.6326880788454681,0.010398449872597693,0.5381567702111784,2.5314870115448542,-0.09399769626264069,5.29271281120901,18.48064672273307,1,9
train,train_load0_1e_m15_200x5.csv,196,299951,0.0,0.0,16.311237405298016,3.7351860108330914,0.005072639444195156,1.5683289972568262,-0.8041477297211755,0.005815986152877973,0.7270237220525538,2.124678857018821,-0.06913668275952842,3.5680203102344565,16.311237405298016,1,9
train,train_load0_1e_m15_200x5.csv,197,299951,0.0,0.0,9.708493432070497,4.345131369594851,0.010899805725287507,3.437568346937216,-0.8958199729259513,0.008701711945025335,0.7146387850091325,2.370630146110092,-0.05769308688816277,3.885831469611586,13.868738163766011,2,7
train,train_load0_1e_m15_200x5.csv,198,299951,0.0,0.0,18.908470370247983,7.660604189303437,0.01823050992229284,2.82920234640528,-0.5615227935722225,0.009546147679744958,1.0421731525688638,2.7090044778033833,-0.130381173691496,6.522197767569664,19.235627261449963,1,9
train,train_load0_1e_m15_200x5.csv,199,299951,,0.0,,5.497832675253657,0.008815673558814248,5.49640762665096,-0.7881870594153796,0.011260025008171073,0.5899104445192054,2.3720576730053318,-0.11965641126674363,4.845540434052529,18.329617520148986,0,12
train,train_load0_1e_m15_200x5.csv,200,299951,0.0,0.0,4.214641658695996,2.859986538591002,0.0055865732554920815,3.4099196698957837,-0.6328018863916538,0.006523997485109183,0.5900446267055234,1.9679197047050803,-0.0777422711184867,3.901635653015322,19.555010999921024,1,8
train,train_noisy_1e_m15_200x5HI.csv,601,299951,0.0,0.0,8.921517116531353,2.8149632170748284,0.006145781757492559,0.28608498378787584,-1.194629469890476,0.009428072591452041,0.5988464288267696,3.0006977683649088,-0.042360523441559064,3.4733813365828574,13.58447546115002,3,6
train,train_noisy_1e_m15_200x5HI.csv,602,299951,0.0,0.0,13.09453826015752,4.725612297728999,0.005702907882323091,3.2325873049773413,-0.82108098965913,0.010439821983312956,0.13964505808803643,3.141029645041424,-0.1532584027851518,5.041947444083992,19.53283480012101,2,7
train,train_noisy_1e_m15_200x5HI.csv,603,299951,0.0,0.0,11.791089573378002,4.409594152373874,0.004355042569041973,4.857775859525534,-1.0508890974571337,0.018522609156133473,0.706040132047801,3.1194674049875655,-0.11720402111726097,4.320467057379945,18.075293150790003,2,8
train,train_noisy_1e_m15_200x5HI.csv,604,299951,0.0,0.0,15.639059816327062,2.835080340663158,0.017607334737150947,2.472936244578227,-1.116783448645205,0.005934420969046261,0.6388444169789488,3.2868326710321574,-0.11681831585380231,4.232872813390246,15.639059816327062,1,7
train,train_noisy_1e_m15_200x5HI.csv,605,299951,0.0,0.0,10.101769422292932,6.259271271922373,0.019731480432778954,4.5342532521860806,-0.776809293494739,0.008797324269152517,1.1188810986370687,3.290856114364086,-0.1523061078330095,5.805850925907288,18.32071790298096,1,8
train,train_noisy_1e_m15_200x5HI.csv,606,299951,0.0,0.0,12.250008373568676,3.8914009887540146,0.020261342927100294,2.8640518210336765,-0.8114701930669862,0.007465943179234774,0.668745887598788,3.11310897831461,-0.1407264822183881,5.161332963656802,18.841296332672073,3,6
train,train_noisy_1e_m15_200x5HI.csv,607,299951,0.0,0.0,6.952007308487055,3.4863265122988554,0.014429854104157,0.7646234745490932,-1.0188250330618176,0.007575511602286295,0.3714940389491327,3.135324418611394,-0.08927168592473986,4.239550093940044,15.702286617590062,1,7
train,train_noisy_1e_m15_200x5HI.csv,608,299951,0.0,0.0,11.663254741773017,4.954541923001004,0.01794892627669225,0.168773174014353,-0.9884046988921331,0.005568184019039244,0.4581612502453861,3.4895598928003113,-0.12366606708017149,4.833738188171243,15.535646863580041,2,7
train,train_noisy_1e_m15_200x5HI.csv,609,299951,0.0,0.0,4.779649042849428,2.00159415544501,0.010417731556513932,0.32091919558383086,-1.2265370718215753,0.0054330887497230735,0.4073549656480806,2.681314547738964,-0.11679343605371151,3.0875993384706417,13.709038578292962,2,6
train,train_noisy_1e_m15_200x5HI.csv,610,299951,,0.0,,6.154556702590554,0.0054696134057425835,1.4377828108496375,-0.669457035618937,0.02442415104505426,0.16571090876757794,2.728229898279576,-0.0913767284213706,5.022866155572893,19.46580124683601,0,9
train,train_noisy_1e_m15_200x5HI.csv,611,299951,0.0,0.0,10.069514574588084,5.65171916745075,0.010985769104249919,0.6599134418431234,-0.7938623100063026,0.005083564738844064,0.3545259793237545,2.906837502683549,-0.08590574616253231,4.659841960693336,18.186643269763977,1,8
train,train_noisy_1e_m15_200x5HI.csv,612,299951,0.0,0.0,11.064372702418552,3.177830621969141,0.02353178358812929,0.6817021238230545,-0.8684692344453834,0.006462879999819544,0.3173828821147549,3.0581730173485164,-0.1300448966786216,4.715727504257824,18.321388938306086,2,6
train,train_noisy_1e_m15_200x5HI.csv,613,299951,,0.0,,4.168102244820337,0.0123112443876087,0.7697359500759755,-1.4052505929235686,0.0029851333408019896,0.15063393328447036,2.506930864738464,-0.07831573877670675,2.6161841871469234,10.746423301611912,0,9
train,train_noisy_1e_m15_200x5HI.csv,614,299951,,0.0,,6.691328457224106,0.02211799014818905,5.941568423632741,-1.014405329805585,0.004811375105508275,0.680628848622868,3.3568783492123715,-0.12471875359418695,5.259107332241286,18.61047664882301,0,9
train,train_noisy_1e_m15_200x5HI.csv,615,299951,0.0,0.0,13.257663206244004,3.1803675413313357,0.007830188362859236,3.0076132508483426,-0.7960231515902843,0.023186556141846545,0.21863256166702044,3.3010781967092098,-0.14049873152077563,5.633981819056435,18.197349569252992,2,6
train,train_noisy_1e_m15_200x5HI.csv,616,299951,0.0,0.0,8.03079688956899,2.5739449307975764,0.005709767548674389,0.2540908780774278,-1.1932389882837209,0.007579598756375154,0.31061110841881384,2.4871308728109764,-0.06724481586261588,2.989697068200866,12.759516404116994,1,7
train,train_noisy_1e_m15_200x5HI.csv,617,299951,0.0,0.0,8.804021895691989,4.217466093075121,0.0018428980144271547,1.255269206365325,-1.1854011478616804,0.0152643608649231,0.024165600415040074,3.237563989833663,-0.07154821060066277,3.771950905658035,15.083036290860008,1,8
train,train_noisy_1e_m15_200x5HI.csv,618,299951,0.0,0.0,10.466141944326978,3.2171522863701703,0.012025382801253046,1.358590997522592,-1.0561386569872184,0.0075442775723135,0.7161604783452232,3.1731910571080832,-0.09494780066375845,4.201480204579493,14.701474204578972,3,6
train,train_noisy_1e_m15_200x5HI.csv,619,299951,0.0,0.0,8.64211919709453,6.041533116817135,0.023378646952683914,4.86339846781692,-0.9977956730775136,0.005205763193981003,0.5783894438088554,3.3436447485648952,-0.12929197948560442,4.8189535752068435,17.88430692563702,2,8
train,train_noisy_1e_m15_200x5HI.csv,620,299951,0.0,0.0,11.419324763525992,5.105351877999624,0.005529044455027915,3.1505258130682656,-1.1446860816587405,0.01565869677268897,0.6058261075080656,3.1673695893879814,-0.10729014010966544,4.1299640390170245,15.078632699732026,1,8
train,train_noisy_1e_m15_200x5HI.csv,621,299951,,0.0,,5.15173358774949,0.0067929817229034125,4.6387555180358655,-1.1548281784339116,0.006947586691270078,0.07023825701077113,3.142593486049026,-0.08973868304104601,4.137540505127571,15.398290520768,0,8
train,train_noisy_1e_m15_200x5HI.csv,622,299951,0.0,0.0,12.188752989529974,2.6992698284189975,0.010668068827838967,1.0266684586089747,-0.850606107540826,0.015809744278612464,0.5032931286447785,3.177173179297325,-0.11388187002766721,4.936314793828642,18.41187544107703,1,7
train,train_noisy_1e_m15_200x5HI.csv,623,299951,,0.0,,5.638711340923749,0.017347063496933667,2.930727833358713,-0.8408138483591918,0.005889520979432066,0.1867609127004765,3.0700710993393545,-0.12925713013385068,4.973109052405779,19.949469709748996,0,8
train,train_noisy_1e_m15_200x5HI.csv,624,299951,0.0,0.0,10.485218082510983,6.125603140574721,0.02610312896923555,1.9123785940437443,-0.8192742888854406,0.006426416741200349,0.5940622892637055,3.5340675553688663,-0.1368081522613413,5.582671430728017,19.14682806125893,2,7
train,train_noisy_1e_m15_200x5HI.csv,625,299951,0.0,0.0,16.102551414326,4.861949074329333,0.003791993819846695,2.032844997013942,-0.8920534374204188,0.02046267411450113,0.4632111906193857,2.9292101349100865,-0.10525189977052156,4.4439793847028914,16.102551414326,1,9
train,train_noisy_1e_m15_200x5HI.csv,626,299951,0.0,0.0,5.815077267685524,4.230876803955572,0.006045793743886372,2.6544431067958594,-1.137868050481454,0.005646918789193967,0.7063025675569039,3.0138751421042365,-0.1055568097368389,3.543759595725422,16.69671801617301,2,7
train,train_noisy_1e_m15_200x5HI.csv,627,299951,0.0,0.0,8.983408700713994,2.3223560581862848,0.004192060944335752,2.8437488713995096,-1.2644045174439986,0.0067236649577890675,0.7046997308084337,2.362599571894797,-0.01634651289390926,2.636583930978565,13.367301228939994,2,7
train,train_noisy_1e_m15_200x5HI.csv,628,299951,0.0,0.0,11.450585365503002,6.2074979306788975,0.026936830203913773,0.7489294466500516,-0.9208256609485573,0.004965132828726669,0.2751231264605889,3.3168047286899283,-0.11645213502673045,4.773338097682034,17.667808842013983,1,8
train,train_noisy_1e_m15_200x5HI.csv,629,299951,0.0,0.0,11.781680660181962,3.8555213755590216,0.02592401732704558,2.119401293873347,-0.783946353944427,0.0052893481911293165,0.12704662087974467,3.029756576890035,-0.09870539767901926,5.116821111914152,18.289512087534945,2,6
train,train_noisy_1e_m15_200x5HI.csv,630,299951,,0.0,,7.151611617103242,0.023358321723309858,3.0413363852240662,-0.7709473735524531,0.00910033894866521,0.2401443337419055,3.683975086691575,-0.17695717995593438,6.407326380454426,19.874009533480944,0,8
train,train_noisy_1e_m15_200x5HI.csv,631,299951,0.0,0.0,6.559136522947672,3.8563754947874225,0.014409880265794976,2.5643574489950947,-1.1787837030620025,0.003168583109075631,0.8978724227645476,2.5905827731648214,-0.06713710159626161,3.1155573232222133,14.155039546016042,3,7
train,train_noisy_1e_m15_200x5HI.csv,632,299951,0.0,0.0,17.726268729393666,5.262923967551704,0.007493845670920033,0.38334329651205845,-0.7180206472977919,0.014254312237625728,0.4827436915767888,3.626465059160221,-0.17173739432404714,6.514667283110837,19.410333246840025,3,7
train,train_noisy_1e_m15_200x5HI.csv,633,299951,0.0,0.0,9.066525730117064,5.517653971188864,0.02360515891505118,0.7002501185887153,-0.7667018782491158,0.0054671693592657266,0.6380625734031805,2.948000221194053,-0.14952008160287572,5.140274047649818,18.437292686909018,1,8
train,train_noisy_1e_m15_200x5HI.csv,634,299951,0.0,0.0,13.175930153774061,6.543846578385988,0.010717594682106996,4.810891235168064,-1.0503126500900504,0.009331597808213753,0.13368983941805349,3.7004875985213164,-0.15043196135155015,5.235720544177922,17.956143917406962,1,8
train,train_noisy_1e_m15_200x5HI.csv,635,299951,0.0,0.0,7.709496225659024,2.9589735004373288,0.0060005265820818115,3.5311001360061134,-1.1218900930551012,0.01001923667901525,0.49695100085907656,3.1618925913281313,-0.07895810563960763,3.9449734866964437,16.061716849683023,2,6
train,train_noisy_1e_m15_200x5HI.csv,636,299951,0.0,0.0,7.51423805787357,4.6476044512937085,0.016179865916999516,1.2067075087523853,-1.051535467090545,0.004154416658497017,0.3067185048335677,3.220512457098516,-0.1023275044193811,3.9926793516782126,17.344821100191893,2,7
train,train_noisy_1e_m15_200x5HI.csv,637,299951,0.0,0.0,9.460632798591973,3.5489732326523344,0.010968513223859116,1.9927529905605037,-1.0455647651883655,0.0052264641669690515,0.061395927312505434,3.025242140820245,-0.1286991955572213,3.958662850528773,16.74240648626403,2,6
train,train_noisy_1e_m15_200x5HI.csv,638,299951,0.0,0.0,13.625747580650994,2.630214660189714,0.006027811979706279,1.7086958416694236,-0.9177818908667623,0.01908677943202716,0.9015583994945181,3.009480169063906,-0.11299229892074122,4.573872249045188,17.52984074761298,2,14
train,train_noisy_1e_m15_200x5HI.csv,639,299951,0.0,0.0,10.638069591311023,7.17993808172322,0.027885282236886452,4.377741086331125,-0.8862461244576265,0.005805255238986643,1.412692223214958,3.2434702227612284,-0.1536792791345226,5.337012312746857,19.78684048374498,1,9
train,train_noisy_1e_m15_200x5HI.csv,640,299951,0.0,0.0,17.532700057489933,2.4620483049239965,0.007134433367362112,3.086698213168641,-0.9517126796105309,0.00434439727798151,0.3520001481546248,2.566091582783466,-0.11586918625765166,3.380240515919182,17.532700057489933,1,8
train,train_noisy_1e_m15_200x5HI.csv,641,299951,0.0,0.0,4.111823838431974,4.514534796483375,0.016792372423351933,0.0007290570804832086,-1.1605065103101213,0.005056398894330451,0.2665850380444992,2.9300683099455327,-0.10892401793120768,3.4398217249198857,15.422849743011966,1,8
train,train_noisy_1e_m15_200x5HI.csv,642,299951,,0.0,,6.2160174065340215,0.013584135195125491,4.13122721308671,-0.9126112424965708,0.006181303004001811,0.11300834477640148,3.4259232044537113,-0.12705551333690243,5.05703011945788,19.759299474548015,0,8
train,train_noisy_1e_m15_200x5HI.csv,643,299951,0.0,0.0,15.395965600275986,4.593384993562422,0.011412865065140816,1.3197846752944988,-0.7768338427172182,0.014810086463119354,0.399145564576413,3.6022568567779825,-0.1595658004053649,5.929038525072463,19.411736050113007,1,7
train,train_noisy_1e_m15_200x5HI.csv,644,299951,0.0,0.0,6.442484119563005,5.244226577465753,0.010138044989975316,0.7775184087665292,-1.212680731402919,0.005343875268556793,0.1190826264888475,3.1873312144347192,-0.05904632803456422,3.686552568391668,12.914381056978982,1,8
train,train_noisy_1e_m15_200x5HI.csv,645,299951,0.0,0.0,14.404018167139043,8.373203005548325,0.018138117690244874,1.201576706301604,-0.785472906125002,0.007957536260495621,0.6339435580995082,4.128691740462773,-0.1867512169648794,6.589328166981993,18.77775762479405,1,9
train,train_noisy_1e_m15_200x5HI.csv,646,299951,0.0,0.0,13.827573754725506,4.540303711160245,0.0027191332806811245,1.3583017565811004,-0.9036264670892242,0.02009215233865143,0.5005148193115203,3.115345643150996,-0.13614191869775655,4.592216409817673,16.979587386692998,2,8
train,train_noisy_1e_m15_200x5HI.csv,647,299951,0.0,0.0,6.355267223447015,4.54878418675014,0.005543307909654296,2.902986056310126,-0.8918474824824585,0.01414075935019498,0.35612288147910204,2.9463148027799586,-0.10474324874455333,4.261370579910421,18.848947639736025,1,7
train,train_noisy_1e_m15_200x5HI.csv,648,299951,,0.0,,6.659808296712792,0.02527401756504018,1.6246834136747124,-0.7762322940246221,0.006276654092215523,0.08172827909669411,3.2532273871340287,-0.14360340557529114,5.573293522369534,18.58821212015505,0,9
train,train_noisy_1e_m15_200x5HI.csv,649,299951,0.0,0.0,10.451603514562521,5.769940949535729,0.02039611189778022,2.618291039016819,-0.8121501592164994,0.007667785934436417,0.5964248495513684,3.16195959312349,-0.13421608539999677,5.320705836560561,19.07998337750007,2,7
train,train_noisy_1e_m15_200x5HI.csv,650,299951,0.0,0.0,17.24498735440295,4.929094558814882,0.015989835743402542,2.2440488140129937,-0.8586701742992805,0.008223612975232091,0.019418957327173966,3.4918194180702504,-0.1299944511141219,5.260520686494445,18.64140700958899,1,8
train,train_noisy_1e_m15_200x5HI.csv,651,299951,0.0,0.0,10.229143004972002,5.421605484665284,0.006341122259401002,0.2877588197514873,-0.8634429264625504,0.012118919012212565,0.27092136368727415,3.0675035565997146,-0.11361424440176553,4.7630261521487265,17.810723729414974,1,7
train,train_noisy_1e_m15_200x5HI.csv,652,299951,0.0,0.0,12.739398243707996,5.157205250142575,0.015712092103359793,3.872568757099282,-0.8838585535114853,0.01183222907275392,0.8225358109682115,3.41492065739959,-0.15599985880205375,5.6277964193286945,19.03070193442801,2,7
train,train_noisy_1e_m15_200x5HI.csv,653,299951,0.0,0.0,17.461792124962983,4.185624368894294,0.025919131987277324,1.879403171168252,-0.8471278204071382,0.006135157357321639,0.7200962479579144,3.618483152821815,-0.16331477156040258,5.7613905942484465,18.96013933415395,2,7
train,train_noisy_1e_m15_200x5HI.csv,654,299951,0.0,0.0,7.175490774461537,1.3147954147021703,0.015001002308078808,2.860779389408921,-1.0786042802643119,0.005685172220071589,0.9638985799318417,2.5183204198461953,-0.06393266137197444,3.150459192292275,16.01743691709396,2,6
train,train_noisy_1e_m15_200x5HI.csv,655,299951,0.0,0.0,4.4147153463669895,5.321977338781007,0.0020464326387004132,3.220907002081293,-1.0845544833623597,0.01675609921803216,0.020476485590111778,3.2648959890827274,-0.10855946654811577,4.187047551119289,17.25634487603702,1,8
train,train_noisy_1e_m15_200x5HI.csv,656,299951,0.0,0.0,14.924227969065328,3.8617394876091757,0.02428084804347796,0.4720570399571402,-0.7351460128437,0.006788681915452059,0.3897217205028916,3.52755073016399,-0.16350858691117798,6.17403645522642,19.75162679012203,3,6
train,train_noisy_1e_m15_200x5HI.csv,657,299951,0.0,0.0,9.23151150615297,3.5628334183122825,0.005920421602211304,0.5622897449942652,-0.9035180651669732,0.011913678583174004,0.17757274390783975,3.038024118103291,-0.11604818370323708,4.3576660589441145,18.88746024626505,1,7
train,train_noisy_1e_m15_200x5HI.csv,658,299951,0.0,0.0,18.24682791279099,3.3211036588338465,0.021733807779668466,1.4809295850753448,-0.9298724230362478,0.00565073499931347,0.40837884328383733,3.4053345060773257,-0.13460367493446138,4.90626144703798,18.24682791279099,1,7
train,train_noisy_1e_m15_200x5HI.csv,659,299951,0.0,0.0,13.542199359923984,3.577358651270726,0.024683359007882745,4.38222715254489,-0.9259995288175551,0.005035191104518422,0.6864176248302613,3.1417754200523094,-0.1058426640042263,4.9235115664780364,18.437565111933964,2,7
train,train_noisy_1e_m15_200x5HI.csv,660,299951,0.0,0.0,10.587630563801895,6.708212434668127,0.01744712192863734,4.761130922630952,-0.9344370311813719,0.008543322978269626,1.278098186652464,3.505895790730498,-0.16357246183142554,5.6245440391464605,16.785356632559,1,8
train,train_noisy_1e_m15_200x5HI.csv,661,299951,0.0,0.0,10.081477381468668,2.6018356527890014,0.010635853552939037,0.20284633123712492,-1.2316721287208126,0.005417202394042594,0.4196800770308107,3.154062599292257,-0.08904024136814576,3.6668412156900123,12.436802604432955,3,6
train,train_noisy_1e_m15_200x5HI.csv,662,299951,0.0,0.0,15.442461859121295,3.762530156015032,0.014686360055508284,1.6750985140709478,-0.8850893209782651,0.009532969371553776,0.4191309629827768,3.848794883294397,-0.1754945576169335,5.90293454546759,17.21905346588892,3,6
train,train_noisy_1e_m15_200x5HI.csv,663,299951,0.0,0.0,8.024602779363931,2.056693826675371,0.02293701939008762,1.1775832555039365,-0.776911275843279,0.006887160306316995,0.46776320925254905,2.9747689205079486,-0.10914603526938872,4.895455063494353,18.446974433876903,2,6
train,train_noisy_1e_m15_200x5HI.csv,664,299951,0.0,0.0,14.558041603683023,4.590845800497017,0.01787952351227784,1.7933129432895871,-0.8813754245414982,0.006283266328971043,0.29098336929309954,3.6405174295995626,-0.15831890230867815,5.581695012783039,19.162269954912972,2,7
train,train_noisy_1e_m15_200x5HI.csv,665,299951,0.0,0.0,17.0179823254,5.628408830395124,0.0054359814133411325,0.8504003057494449,-0.8006113978005992,0.011616480316619143,0.8171404196242166,3.3058548373985333,-0.12972065079770734,5.321341846263987,19.46066652150097,1,8
train,train_noisy_1e_m15_200x5HI.csv,666,299951,0.0,0.0,13.03999971200301,4.932227357117995,0.0076629267720986875,0.9171896049193595,-0.8819590459274096,0.0054478037071698845,0.04773409711106657,3.181846370637057,-0.11272499377670638,4.972279087079073,17.67584295602603,1,8
train,train_noisy_1e_m15_200x5HI.csv,667,299951,,0.0,,4.6058663616337805,0.005183924405406789,4.432638289780908,-1.1992099868547677,0.005590273205860446,0.4642428541211642,3.0995617047557444,-0.10804599773341671,3.9093022642342126,15.889647709474048,0,9
train,train_noisy_1e_m15_200x5HI.csv,668,299951,0.0,0.0,15.372292578400987,6.591956181642341,0.001587804081374388,2.5011177560601348,-0.8552978045067162,0.020103807178696254,0.8390969550845083,3.2399736355222024,-0.12410170043120577,5.349235563513726,17.391326534542003,1,9
train,train_noisy_1e_m15_200x5HI.csv,669,299951,0.0,0.0,15.329468254599988,3.388040914800724,0.0021707312795619573,4.175745332337023,-0.9137575427782548,0.013217636858255293,0.36000168157619755,3.5437328310195846,-0.13085915021644234,5.315493510743351,18.954565116918957,2,7
train,train_noisy_1e_m15_200x5HI.csv,670,299951,0.0,0.0,14.780485348422474,7.251212259550755,0.016306172023681512,2.5817265049246805,-0.7514388855418708,0.00947337163668107,0.5498166776307526,3.621587764951754,-0.17536630118710972,6.359967015110103,18.76547117098403,2,8
train,train_noisy_1e_m15_200x5HI.csv,671,299951,0.0,0.0,13.064675118589491,3.652353587780429,0.001401445892982182,3.0477019334853384,-0.8419264795020108,0.013017224835847345,0.2563871480340977,3.174693290757954,-0.16856524049918317,5.236571496212261,18.441408128408,2,7
train,train_noisy_1e_m15_200x5HI.csv,672,299951,0.0,0.0,13.529385879820524,3.942944847524373,0.002885719829976608,1.661946697551429,-0.9271691533522755,0.01427092986086891,0.45095617405920857,3.0436988128526683,-0.12808458853075913,4.2183270738707535,18.797181145454033,2,8
train,train_noisy_1e_m15_200x5HI.csv,673,299951,,0.0,,6.704967729376295,0.008465942624500332,5.56404502071723,-1.0277985637914253,0.014838133395727076,1.0725833622809848,3.257170335531682,-0.1638580465321299,4.940708356389341,18.065063692064996,0,10
train,train_noisy_1e_m15_200x5HI.csv,674,299951,0.0,0.0,5.415164977305039,5.78484184624898,0.030234959942545825,2.937666131275507,-0.7772731224679061,0.005981700679566419,0.590365507317148,3.184207088933242,-0.1702310370926093,5.365475775283638,19.57630177330998,1,8
train,train_noisy_1e_m15_200x5HI.csv,675,299951,0.0,0.0,11.724779219905335,3.14268418691582,0.016827088532696016,1.2629228599325018,-1.0037284313696682,0.006208317985052968,0.6833565342061867,3.038129003446781,-0.11053361190161597,4.353052876718116,13.686752123561064,3,6
train,train_noisy_1e_m15_200x5HI.csv,676,299951,0.0,0.0,7.922070687042037,6.254750327930992,0.030241539895038326,3.218306527308284,-0.942702318967715,0.005056038654623686,0.5531372639164447,3.361018729322217,-0.1286402673813928,5.02797351872522,19.619813514914995,1,8
train,train_noisy_1e_m15_200x5HI.csv,677,299951,0.0,0.0,10.880280930061502,5.367767195630364,0.002210019122052305,5.924213577732597,-0.8461698483094423,0.010545031939409423,0.26717154231285045,2.8057039195370863,-0.17322058422022688,5.140434692607135,17.194772239737006,2,8
train,train_noisy_1e_m15_200x5HI.csv,678,299951,,0.0,,5.021304365219748,0.023087622118619543,0.6141161271258699,-0.7819057699368306,0.007357987763107086,0.09528856603363728,3.00163225419023,-0.13201750200467963,5.0346419000001035,19.177164293944998,0,8
train,train_noisy_1e_m15_200x5HI.csv,679,299951,0.0,0.0,13.968987837825466,2.6130256089850072,0.01177745343588411,3.0000840311711365,-0.8368584338342855,0.007637889105841669,0.3270985163860222,3.4439200199271474,-0.1534187886095794,5.273199817627865,19.57167049699399,2,6
train,train_noisy_1e_m15_200x5HI.csv,680,299951,0.0,0.0,10.928261252355924,5.294942984991877,0.01797767240153945,5.093153515031302,-0.9284909935498591,0.006813786488668031,0.860910855749532,3.002687355399053,-0.11892412667011039,4.868901175566202,16.78356674215604,2,8
train,train_noisy_1e_m15_200x5HI.csv,681,299951,0.0,0.0,17.838972967386013,7.289061297365224,0.004977127618573249,2.6143929985291625,-0.8048715880940399,0.0270746984385839,1.1868490758968446,3.3759503934677326,-0.15751543019060438,5.846223146900378,17.838972967386013,1,9
train,train_noisy_1e_m15_200x5HI.csv,682,299951,0.0,0.0,13.613958125686509,6.6975133814586485,0.021753290993258064,5.49060870722078,-0.8867751694060656,0.006988478810494587,0.6768606956369947,3.4494338508874924,-0.1573452071365499,5.837040252784821,18.13681102239002,2,8
train,train_noisy_1e_m15_200x5HI.csv,683,299951,0.0,0.0,10.922822485748043,3.893444059109754,0.017181074674814074,0.018846504908971884,-1.2512668138785703,0.003851834254630771,0.5050837346765781,3.351214602654326,-0.10045875217658767,3.7014671808358393,14.271775480487008,1,8
train,train_noisy_1e_m15_200x5HI.csv,684,299951,0.0,,11.742580267584307,1.0029288691730016,0.021400430141749,2.43486937208339,-0.83673689780937,0.008207465021844051,0.4466363216246438,3.2935097298486724,-0.17850233667373316,5.300115546515568,19.084452815752,3,5
train,train_noisy_1e_m15_200x5HI.csv,685,299951,0.0,0.0,15.756160339314988,2.979453104733563,0.0035937653365707284,1.6264773520760785,-0.9628531592210874,0.012474775363194787,0.27149906179648964,3.2323374136885965,-0.11538084293329104,4.3832016369045625,18.955620606894,2,7
train,train_noisy_1e_m15_200x5HI.csv,686,299951,0.0,0.0,15.097625697246542,5.187710844847743,0.023721630677216343,1.5013961928324306,-0.8773049684308704,0.006660611262572377,0.765108800640835,3.42634984743418,-0.1698163918590797,5.326525360283194,18.951129099073,2,8
train,train_noisy_1e_m15_200x5HI.csv,687,299951,0.0,0.0,5.44908117713598,6.192962789354752,0.0035133223097714114,2.4794806996568743,-0.8886411059836022,0.02364040744529215,0.682775161057847,2.9638283423809373,-0.1585971882315168,4.530829425700863,18.17059852797098,2,8
train,train_noisy_1e_m15_200x5HI.csv,688,299951,0.0,0.0,5.024062243015976,4.584677133900996,0.014110796368529743,1.6441984008574413,-0.8028339666258295,0.009457754705455308,0.42667934504852567,2.754175215264416,-0.08298098702102195,4.3377207784705085,19.767119987969977,1,8
train,train_noisy_1e_m15_200x5HI.csv,689,299951,0.0,0.0,12.629643648148999,5.542727130626809,0.0058654565190309205,2.038109588039089,-1.0737041308194841,0.004561201861243698,0.9202270637340813,3.028745340151049,-0.13486986996716793,4.256034021515819,14.602219192024904,1,9
train,train_noisy_1e_m15_200x5HI.csv,690,299951,0.0,0.0,14.566737202160994,5.4141287867043815,0.01605117032600025,3.4865404835651677,-1.0279753923641468,0.006858046562853092,0.5904010994929406,3.2645918973725605,-0.12564809870582846,4.7182213427298825,15.602667847611997,1,8
train,train_noisy_1e_m15_200x5HI.csv,691,299951,,0.0,,7.711022746261085,0.017385789050216094,6.435937465123743,-0.88103540843518,0.006053598302949949,0.9805158185651236,3.220786220219238,-0.1228494401214571,5.724683657618446,19.550481299171906,0,10
train,train_noisy_1e_m15_200x5HI.csv,692,299951,,0.0,,4.695019354359488,0.014974548732974368,3.015871991148671,-0.8776852682841336,0.007065813495672659,0.21850363499058323,3.098665126703006,-0.15743830925549304,4.9652071692746125,19.29538220183906,0,8
train,train_noisy_1e_m15_200x5HI.csv,693,299951,,0.0,,4.578844556778904,0.012466443687022917,3.992637570408824,-1.211578195182893,0.0036861366890759526,0.3178032779268694,2.7739046292203016,-0.10161301901137224,3.485946841855697,15.926967892525,0,9
train,train_noisy_1e_m15_200x5HI.csv,694,299951,,0.0,,7.4484969546476805,0.012237310294291428,6.099375289017619,-1.013395311743032,0.00562865225351817,0.2541564247813526,3.494762568910117,-0.15927024567850417,5.3972790444306105,19.503745148695998,0,10
train,train_noisy_1e_m15_200x5HI.csv,695,299951,0.0,0.0,8.281270714837035,2.87095238310014,0.006795531514267611,1.3189081174700252,-1.3128282131977669,0.006687047373018816,0.5432828220516033,2.845953710082133,-0.07513500616489786,3.0543463375544047,12.689301313811995,1,7
train,train_noisy_1e_m15_200x5HI.csv,696,299951,0.0,0.0,13.989271347981003,3.9747899687628774,0.004777825621766024,0.12963158212923975,-0.8945162923100896,0.013100293074805175,0.9233597046334441,2.8487522360742905,-0.08522664001421976,4.179860918877895,18.13831860388001,1,8
train,train_noisy_1e_m15_200x5HI.csv,697,299951,0.0,0.0,11.578396446292004,4.148790186259995,0.02322602899733389,2.144447952626752,-0.8883744539704698,0.006025555849610996,0.5639445528092011,3.1000075022633427,-0.12216571392508414,4.8803500426765565,16.79457340032593,2,7
train,train_noisy_1e_m15_200x5HI.csv,698,299951,0.0,0.0,12.609136559749686,1.739289811970669,0.012273868669260576,1.9001903974791041,-0.911605648357745,0.007827347096146426,0.4019910858480089,3.1181298797516437,-0.10853132785980649,4.4076354227864085,19.241324226960046,3,6
train,train_noisy_1e_m15_200x5HI.csv,699,299951,0.0,0.0,11.441723079316034,4.224504702746553,0.0019498820285015041,1.1953821706084171,-1.2952870657327655,0.010929350703311042,0.4053645941098596,2.880125027016875,-0.09300548135714386,3.141624256583591,11.441723079316034,1,9
train,train_noisy_1e_m15_200x5HI.csv,700,299951,0.0,0.0,8.28284488019301,5.288071314143557,0.01713707103267785,0.20961033795571637,-0.9091718318928129,0.0066959259609930205,0.2074905039865842,3.021399154337947,-0.11703896917503807,4.464451441586196,16.431748414650087,2,7
train,train_noisy_1e_m15_200x5HI.csv,701,299951,0.0,0.0,15.64443955880401,3.534756426298283,0.006296576120031612,0.6881853360672041,-0.8752600110769723,0.022152409034123337,0.44160630561583974,3.2905132281221183,-0.11114113928143891,4.999108007406827,17.668758054492002,1,7
train,train_noisy_1e_m15_200x5HI.csv,702,299951,0.0,0.0,17.63815921108096,5.503322690816752,0.007908861678710419,4.831550242309852,-0.9142817689526792,0.014226993112037263,0.6783445161013054,3.273198297401953,-0.11495555912109937,5.208337555894235,17.63815921108096,1,8
train,train_noisy_1e_m15_200x5HI.csv,703,299951,0.0,0.0,16.691916177992425,4.324841411492733,0.018644923389244724,2.2061569917891926,-0.9227457255304427,0.006058493851269993,0.5414518705239358,3.4659672559049652,-0.15382976815550403,5.239875487289124,16.7233777353199,2,7
train,train_noisy_1e_m15_200x5HI.csv,704,299951,0.0,0.0,11.308309639137505,4.482484394023426,0.0022459819859108484,2.009276016374556,-0.9842308415822139,0.022896149430358476,0.43078102793481615,3.288920519248608,-0.12230281405484028,4.649597541199158,15.448740305021005,2,7
train,train_noisy_1e_m15_200x5HI.csv,705,299951,0.0,0.0,8.319393053790975,5.575129850961133,0.01329426836168397,1.6809176400165748,-0.8687987466649458,0.010406327907833088,0.4144664402402011,3.0502280846404393,-0.14019680053346467,4.582282019437501,19.779949865602987,1,8
train,train_noisy_1e_m15_200x5HI.csv,706,299951,0.0,0.0,9.609769566324985,1.7501750738072903,0.0009991135459829776,2.711957956989374,-1.1668553334177671,0.013805085470364027,0.3771877794475619,2.5842790387326042,-0.04570687019664397,2.9437389793101767,15.054840685628989,3,7
train,train_noisy_1e_m15_200x5HI.csv,707,299951,,0.0,,5.774096296358903,0.030277305624469446,5.0793480805795905,-0.9413941998369931,0.004299084059703233,1.8143852002647978,3.0097654121869866,-0.08178689651351997,4.56782285743249,18.92422380866003,0,10
train,train_noisy_1e_m15_200x5HI.csv,708,299951,0.0,0.0,14.507375648108962,4.6473346178027315,0.019370612571757487,0.07582113783460898,-0.8220202670517575,0.007935085652463222,0.2554602720041909,3.411830780297056,-0.1559758677426786,5.234537769202353,18.893680719517988,2,7
train,train_noisy_1e_m15_200x5HI.csv,709,299951,0.0,0.0,5.400125279991016,4.366576210658146,0.008428255862153775,1.7415769077651122,-1.083789351972774,0.009128665174268963,0.34262190517040336,3.223995170353803,-0.1617880039496606,3.9529159313114746,16.443217825534987,1,7
train,train_noisy_1e_m15_200x5HI.csv,710,299951,0.0,0.0,15.476431079557605,3.2729876182942723,0.010202755622448281,1.2913544345796923,-0.8899183861100729,0.005276121104445057,0.3995348417300601,3.3149485219733235,-0.12716956801948942,4.934744679005061,18.884196553922948,3,7
train,train_noisy_1e_m15_200x5HI.csv,711,299951,0.0,0.0,13.002785492147344,4.903556980119853,0.012398094434322385,3.4786448541849793,-0.8269977832355561,0.00875009095363341,0.750561082671364,3.11425410646688,-0.11225744787382738,5.235460084730832,19.205217248092026,3,7
train,train_noisy_1e_m15_200x5HI.csv,712,299951,0.0,0.0,11.207764698847996,4.293660887523274,0.007329152798692471,1.3260685390923612,-1.0683842142550832,0.0061248550956695845,0.6316114928619775,2.8451278175301233,-0.098151281864142,3.6727748803446985,16.084375596980067,1,8
train,train_noisy_1e_m15_200x5HI.csv,713,299951,0.0,0.0,10.038060850405486,1.737941602474507,0.020072147164082375,1.9281291983050606,-0.8629475274261357,0.006662842558331923,0.3610050282181689,2.8669786222867377,-0.1058503105061392,4.520944352950298,16.851331109176954,2,6
train,train_noisy_1e_m15_200x5HI.csv,714,299951,0.0,0.0,10.113921166872018,1.2585415188531595,0.006033537650159129,0.9212359342724112,-1.433203430892571,0.006050704575095878,0.6808057773919048,2.516022890684006,-0.12759947802270893,2.5521441158547056,10.91334632208401,2,6
train,train_noisy_1e_m15_200x5HI.csv,715,299951,0.0,0.0,9.366299528858008,4.344106540080288,0.007973444256311864,0.13157984866095074,-0.7503158491132645,0.011816914484340989,0.30854116121044634,3.1658041564293473,-0.13257825575624857,5.230834655249533,19.734860074288974,1,7
train,train_noisy_1e_m15_200x5HI.csv,716,299951,0.0,0.0,14.265054114197028,5.523741823492735,0.0173764794140009,0.2899960848547565,-0.759592018655293,0.01157656868092689,0.2982738308639037,3.542144126446304,-0.18122376804209125,5.918131870712638,19.883393414799002,1,8
train,train_noisy_1e_m15_200x5HI.csv,717,299951,0.0,0.0,15.358924055810974,3.9782989225528484,0.013704524197651828,4.198259515374977,-0.905905790922339,0.011762187206044961,0.6586351735214648,3.0849647775252205,-0.13718770829112265,5.046298591465607,18.446669335519005,1,7
train,train_noisy_1e_m15_200x5HI.csv,718,299951,0.0,0.0,10.857119524180519,2.325869708440507,0.014941882697041688,1.5542093002940445,-1.1287320458856445,0.00558258551781032,0.17201959228199587,3.14677023854367,-0.06044433769280572,3.784393486852532,15.807995855410013,2,6
train,train_noisy_1e_m15_200x5HI.csv,719,299951,0.0,0.0,5.3179724059399405,7.062393433673669,0.020943947679911416,1.8772258597278553,-0.850904746651071,0.006825501790267142,0.47142304034867216,3.2786480226995547,-0.16721620834007,5.0729112052393805,17.80542495294992,1,9
train,train_noisy_1e_m15_200x5HI.csv,720,299951,0.0,0.0,8.884912062310008,5.314063550763426,0.005847680699489022,4.035420688230612,-0.8598057906897327,0.02137167681715424,0.6061234358272809,3.4380281255156278,-0.1525846484977859,5.450730799996564,18.500155561485997,1,7
train,train_noisy_1e_m15_200x5HI.csv,721,299951,0.0,0.0,11.948791265078,5.034211860352992,0.031062671429367316,1.919039772994645,-0.8976518277132532,0.005027547466840223,0.7314680406717403,3.333332103098053,-0.15423920759393644,4.897959505714051,19.966149718406996,2,7
train,train_noisy_1e_m15_200x5HI.csv,722,299951,0.0,0.0,9.209717646452305,4.600750836415988,0.013541226473647597,1.4121448917394361,-1.0595920088551616,0.005144447859461741,0.6414462448849009,3.1547501213455575,-0.09002527070664454,4.083224994153045,16.261262536845038,3,7
train,train_noisy_1e_m15_200x5HI.csv,723,299951,0.0,0.0,15.937279161541975,3.1525199490830085,0.010620073438492349,0.2607919325672752,-0.7387583459341869,0.006419942775748854,0.4181201086571964,3.218356951556277,-0.14344910716709416,5.378677393346451,19.683688986351967,3,7
train,train_noisy_1e_m15_200x5HI.csv,724,299951,0.0,0.0,12.363087832090514,1.9240486983641338,0.004969162256462827,2.322371103309728,-0.6931204734511048,0.005738731759555474,0.37427896208421646,2.467788210886035,-0.12894118560117518,4.624152880353714,19.324294581717027,2,7
train,train_noisy_1e_m15_200x5HI.csv,725,299951,0.0,0.0,6.6651787866139784,3.898490716548435,0.01004643028843759,3.0278560322646118,-0.812306010708347,0.016798086568059784,0.873969187752306,2.8667694337704375,-0.1346863185245761,4.741259966563901,19.835311260517017,2,7
train,train_noisy_1e_m15_200x5HI.csv,726,299951,0.0,0.0,8.950702568177007,4.273290552775009,0.0120414584504206,0.9575577395385473,-1.1808733526984858,0.005971634761154356,0.8000686839900053,3.0505280200331346,-0.12775114996980147,3.6010076580574166,13.998293452901976,1,8
train,train_noisy_1e_m15_200x5HI.csv,727,299951,0.0,0.0,8.682559276162465,4.00008464616451,0.01647664753545488,2.5519202336858973,-0.7734434853940461,0.010126321570921576,0.36542313904830453,3.3528320505196043,-0.1748788986123175,5.778440563035378,18.89436044016304,2,6
train,train_noisy_1e_m15_200x5HI.csv,728,299951,0.0,0.0,15.419943827589009,4.697278894709435,0.019071740691848808,3.735673636076411,-0.9162643805605513,0.006565538822411366,0.22207189307025177,3.3078095845957844,-0.1385331901122204,5.038890587290001,17.98665344539097,1,7
train,train_noisy_1e_m15_200x5HI.csv,729,299951,,0.0,,5.753813634077005,0.016048433520346083,5.802378728500066,-0.9341987586119013,0.008124579694382445,1.1282274213163104,3.0628536657683,-0.15129974293410256,5.167450780093357,18.775846713888996,0,9
train,train_noisy_1e_m15_200x5HI.csv,730,299951,0.0,0.0,13.532063420699046,3.9597771756942683,0.007369135805283743,2.431871293987861,-0.9166487041531088,0.005834804074907856,0.7036991587285363,2.9141728592165004,-0.10579695453857638,4.435990297877064,16.335549763154972,1,7
train,train_noisy_1e_m15_200x5HI.csv,731,299951,,0.0,,7.664950604618095,0.021077610207665298,2.616151616131905,-0.7562296255857452,0.008063333761036393,0.11105766539432264,3.4533302959332577,-0.1705210321690808,6.184177129611087,18.720727815938062,0,9
train,train_noisy_1e_m15_200x5HI.csv,732,299951,0.0,0.0,16.704034660445018,7.785603824153453,0.021591981381861382,0.2552165605028991,-0.7618138116440246,0.008505533496565678,0.6197102590389362,3.707662477662371,-0.17335562745564054,6.249801363738974,18.829460745521033,1,9
train,train_noisy_1e_m15_200x5HI.csv,733,299951,0.0,0.0,9.864721963115983,4.906953144841119,0.013238920627299464,4.066377880679008,-0.8451360537341077,0.007247126466501878,0.2695783428334295,3.025096775314703,-0.15284630802909865,5.201355935549801,17.346639440097988,2,7
train,train_noisy_1e_m15_200x5HI.csv,734,299951,0.0,0.0,15.763056695295518,5.803313325303561,0.012824899629642958,3.502094224762643,-0.7696284694638327,0.018532338802449953,0.9691959747654612,3.79383329371112,-0.18176602968997743,6.704552933905185,19.422654218883054,2,7
train,train_noisy_1e_m15_200x5HI.csv,735,299951,0.0,0.0,9.700965090295028,3.494684138729391,0.012332523752317045,0.2950625472896573,-1.1238965118499376,0.004237928949246687,0.686528981834364,2.872605187933586,-0.04362265291172389,3.542263539677149,13.790006701952962,2,7
train,train_noisy_1e_m15_200x5HI.csv,736,299951,0.0,0.0,9.050448931283995,6.124091172597332,0.017582506107019617,0.5086640353550269,-1.0811984207224872,0.005122516657140493,0.3237573939124689,3.2148925090611393,-0.12592282417178194,4.165940241047791,13.797246897897026,1,9
train,train_noisy_1e_m15_200x5HI.csv,737,299951,0.0,0.0,5.766978414211053,4.691460400756698,0.016945692041565357,3.0574286446121555,-1.1642868070538976,0.00400502894151088,0.15084372192348064,3.0796177941089766,-0.09110820304511973,3.9051283253864115,14.77443422623196,1,7
train,train_noisy_1e_m15_200x5HI.csv,738,299951,0.0,0.0,7.825966911494011,5.335828910451718,0.007761069963815119,2.357266757966961,-0.8752875287161498,0.012519177417579505,0.8136810818995516,2.9901615869573774,-0.1657239211814161,4.684509290723505,18.652476371686987,3,7
train,train_noisy_1e_m15_200x5HI.csv,739,299951,0.0,0.0,9.206673652603484,4.630858675817852,0.0038830367638229544,2.30292430596211,-0.9075797096664544,0.012405578116019063,0.03304974089101159,3.018851264467546,-0.12359029210973983,4.283115514637932,19.368981879908006,2,7
train,train_noisy_1e_m15_200x5HI.csv,740,299951,,0.0,,5.414070460521,0.013523408978088817,0.6125109329765634,-0.9187001471027864,0.008197234073810825,0.11627002866722026,2.9416417521359803,-0.0965487138530589,4.187357676467586,17.109735477155937,0,9
train,train_noisy_1e_m15_200x5HI.csv,741,299951,0.0,0.0,15.036810693942016,3.419733413419278,0.005081865919142607,0.3549700742251076,-0.9403733194038368,0.009346726735279066,0.21372786472576816,2.9026637162455176,-0.1570696903192172,4.363227421440299,15.131230186180005,2,7
train,train_noisy_1e_m15_200x5HI.csv,742,299951,0.0,0.0,9.240892069254471,3.377260113506992,0.00602836739497855,0.8163325056637372,-1.4176355948447186,0.003363246348933653,0.7195757554019738,2.7861241607663145,-0.0859570196405664,2.865367623206376,11.153470563563928,2,8
train,train_noisy_1e_m15_200x5HI.csv,743,299951,0.0,0.0,8.499229695399492,2.845163622005446,0.00473108025857114,4.053876545786727,-1.3340785743823178,0.0046464219095253894,0.2306841359634414,2.916239418559359,-0.1296606692546107,3.326546062803199,12.929494733930028,2,7
train,train_noisy_1e_m15_200x5HI.csv,744,299951,,0.0,,6.136343618670992,0.007385196523830663,5.187956911656472,-1.0164028362832347,0.005481011480546311,0.13416258918302743,3.2201897718943733,-0.10994382962240747,4.625212664934788,19.545657383065986,0,10
train,train_noisy_1e_m15_200x5HI.csv,745,299951,0.0,0.0,12.764650411406933,4.5200812994346995,0.010958336695970237,1.2617311520679149,-0.8386464358479692,0.009380641415960084,0.19983684090566703,3.240675630739536,-0.14817989322862923,5.195515099196013,18.491125876446063,1,7
train,train_noisy_1e_m15_200x5HI.csv,746,299951,0.0,0.0,9.800591920393998,6.033485602082887,0.0075666303353677,3.6320963641409802,-0.8182708150445801,0.017971448533083495,1.4582545063220416,2.797690326980683,-0.1442870926686207,4.857055411820016,19.286241239840024,1,9
train,train_noisy_1e_m15_200x5HI.csv,747,299951,0.0,0.0,9.77004105223699,4.286814697600626,0.0019650744119118395,2.5634069278451466,-1.3338913919627342,0.012188460349156997,0.7091546248212495,3.052871030279065,-0.07392370826996114,3.456002217884816,12.471300906353974,2,8
train,train_noisy_1e_m15_200x5HI.csv,748,299951,0.0,0.0,13.456008571979964,4.4938514561643785,0.013259633289745918,2.902049131140416,-0.9448662616855109,0.00886981694538795,0.966410339450494,3.208730057473526,-0.14585047679079793,4.675200342773981,17.617787179885,1,8
train,train_noisy_1e_m15_200x5HI.csv,749,299951,0.0,0.0,13.672775600568002,4.546019684673134,0.00584233172198155,1.7330394454612126,-0.86541072105168,0.014287204258012866,0.6103458772401663,3.0002625473748257,-0.12225120604296998,4.881308276088304,16.645610598481994,3,7
train,train_noisy_1e_m15_200x5HI.csv,750,299951,0.0,0.0,10.93673281287846,4.8460390332684415,0.01503930980398348,4.069569208186922,-1.158200869976873,0.00477098425074365,0.5219260903316624,3.3453032632868567,-0.1190130375798412,4.402335184715426,14.459140849151936,2,7
train,train_noisy_1e_m15_200x5HI.csv,751,299951,0.0,0.0,14.464602879117024,2.0531048578673485,0.006874226224528131,0.5729023146120977,-1.023612911853912,0.006496730924700707,0.4012433781192328,3.2849455697336563,-0.10101293380736485,4.396612022321342,15.691499026196993,3,6
train,train_noisy_1e_m15_200x5HI.csv,752,299951,,0.0,,5.786522448622097,0.008017868372195454,4.549399761335182,-0.8943017415378509,0.006081978288465092,0.007979638839923281,3.0188043094747314,-0.13314601082206354,4.909155231641885,17.965734845063025,0,9
train,train_noisy_1e_m15_200x5HI.csv,753,299951,0.0,0.0,11.173502387718486,4.725255856073375,0.0035045929297439545,3.663165973674328,-1.1138343267248296,0.007061942214629954,0.6006183546248373,3.1025697133265178,-0.12145646285062803,4.240917535031459,14.264592999487036,2,8
train,train_noisy_1e_m15_200x5HI.csv,754,299951,0.0,0.0,10.218351222041008,3.361769077273659,0.005878943606819794,4.9283254053633385,-1.1344601595311643,0.014931999574150779,0.6569831262166541,3.0325833690310984,-0.09245289605955663,4.012170640571636,15.410624829664982,3,6
train,train_noisy_1e_m15_200x5HI.csv,755,299951,0.0,0.0,12.007521753639992,5.260088205790781,0.008257901563110613,0.958016828506632,-1.0180407415253576,0.010899382055122045,0.4725614593872122,2.957409982676947,-0.1281228433187193,4.081914671249742,14.461444515862013,1,9
train,train_noisy_1e_m15_200x5HI.csv,756,299951,0.0,0.0,18.036705011150048,4.363685219606992,0.01201752845542897,3.726783165247659,-0.7972591946260612,0.008830901130746917,0.1591163004743203,3.175063680841934,-0.13462359964623488,5.186892076927818,19.823586051412008,1,8
train,train_noisy_1e_m15_200x5HI.csv,757,299951,0.0,0.0,19.884912359552004,3.5888762750067094,0.007302455984192587,0.1305282353185211,-0.7344681612431718,0.017229055092276475,0.513191282300584,3.3633585957143075,-0.18337234185936876,5.9539652455513705,19.945913340515006,2,7
train,train_noisy_1e_m15_200x5HI.csv,758,299951,0.0,0.0,16.447731059223003,3.0304158404609973,0.00292649227405731,3.8949016075445906,-1.1430720760711612,0.01470088030039403,0.48479749100677877,2.7889700722151924,-0.06246926451058784,3.5252316951203517,16.447731059223003,1,7
train,train_noisy_1e_m15_200x5HI.csv,759,299951,0.0,0.0,4.0777213155259915,5.416707429707017,0.02629081170334644,4.310192357205661,-0.9278503406992424,0.0059680878382401895,1.30088169550486,3.203741461584599,-0.16326676371268348,4.944161034249911,19.01950677383195,1,8
train,train_noisy_1e_m15_200x5HI.csv,760,299951,0.0,0.0,11.270898154396491,4.007181429513545,0.02175151478354746,3.7536958247904106,-0.9623383613689575,0.005275411445721729,0.5652057917082728,2.9787197417281743,-0.09454367964514343,4.123250303278917,17.562028628953044,2,7
train,train_noisy_1e_m15_200x5HI.csv,761,299951,0.0,0.0,9.742949824088347,3.192790245288999,0.010282699570360978,3.031240658924642,-1.137171784603247,0.00805732371388062,0.5264931156762166,2.9724122227411565,-0.0736933091609447,3.749352809211764,14.544571876677992,3,6
train,train_noisy_1e_m15_200x5HI.csv,762,299951,0.0,0.0,11.41503744492104,5.253945875424506,0.013476684274854085,0.2541859299376843,-1.0698678721368995,0.004926514249302093,0.44130740640157934,3.3234397663421062,-0.13949697824195756,4.2782572900945635,15.399738114095953,2,8
train,train_noisy_1e_m15_200x5HI.csv,763,299951,0.0,,8.292945966591674,0.7264069130425923,0.010255505123616806,2.2847576378790646,-1.5093180550027259,0.004933275122354329,0.5382235623399777,2.885038411191841,-0.049838466227105055,2.751021662872605,10.665067664164894,3,5
train,train_noisy_1e_m15_200x5HI.csv,764,299951,0.0,0.0,14.20248079172245,5.273385729736431,0.01572759055813426,2.507261956345854,-0.8225243085950723,0.005928225445326153,0.0009978532526057975,3.3229686614177414,-0.14512936026266396,5.367236019856839,19.574852212015003,2,7
train,train_noisy_1e_m15_200x5HI.csv,765,299951,0.0,0.0,7.303145060036059,6.424959739283888,0.02148472127848265,1.2458889153055415,-0.8104636274805342,0.007035192021336056,0.7418783594143308,3.0568864600015266,-0.12842791133378884,5.015565707604936,18.964541597960988,1,9
train,train_noisy_1e_m15_200x5HI.csv,766,299951,0.0,0.0,13.942416580965983,6.287516416159377,0.017773951942546124,5.312392808571749,-0.7861544144352023,0.008711442906080245,1.0251834829282689,3.2879587995255433,-0.14492408199623114,5.962730178157513,19.759040894220902,2,8
train,train_noisy_1e_m15_200x5HI.csv,767,299951,0.0,0.0,9.495408899741989,3.8491455897135682,0.007952526355061496,3.4144402529103814,-1.3001250790492966,0.009499764558429227,1.052171513237979,3.220731813306171,-0.09254744134756336,3.7376103617384175,13.783832488952953,2,7
train,train_noisy_1e_m15_200x5HI.csv,768,299951,0.0,0.0,15.262551049870012,4.261472888387502,0.012106629134231573,0.5084725516583415,-0.9543534692896104,0.007353383276723563,0.6884350295520515,3.119563832219995,-0.1052306660938247,4.496982480248429,16.930635996248043,2,8
train,train_noisy_1e_m15_200x5HI.csv,769,299951,,0.0,,6.042923602838111,0.026359949938877386,0.5886529700161178,-0.9719309403768925,0.004654793509778287,0.001789011170868385,3.084100971837285,-0.14769632505667007,4.2611106517443265,18.006463056163057,0,9
train,train_noisy_1e_m15_200x5HI.csv,770,299951,0.0,0.0,12.94034935783001,4.136089190430492,0.0125085376849752,0.7099293247757492,-0.8033551059298043,0.012345282140843922,0.47706992142868027,3.3311235339427774,-0.14925972656928882,5.36156218129332,19.18823224145001,3,6
train,train_noisy_1e_m15_200x5HI.csv,771,299951,0.0,0.0,8.962293128746978,5.462973678022877,0.020175021836411667,2.2168595582284456,-1.2028682129755532,0.0044897471702025045,0.7024989425080359,3.3340747686751655,-0.08735833566545233,4.068428281897789,14.226957343956997,2,8
train,train_noisy_1e_m15_200x5HI.csv,772,299951,0.0,0.0,9.523204913561926,7.559980580871766,0.022694100227207033,4.533694688242238,-0.7947691646880767,0.006326648841075975,1.11028651823105,3.4039009461252463,-0.14000503867052033,6.01269896312973,19.927332591286927,2,8
train,train_noisy_1e_m15_200x5HI.csv,773,299951,0.0,0.0,11.930350366731517,5.299170241276499,0.005988346578561771,1.3591539706313687,-0.784623162924123,0.01117022544967194,0.61492154506563,3.0070467211102225,-0.12139179113117939,4.984696833604446,19.69323449903402,2,8
train,train_noisy_1e_m15_200x5HI.csv,774,299951,0.0,0.0,14.28973974319562,4.182356584973339,0.021275087072815644,0.0020574529175689804,-0.7985327592298714,0.007953937788248655,0.4008455097216681,3.6455544341571415,-0.1677544601907138,5.877198305119171,19.70422790255202,3,6
train,train_noisy_1e_m15_200x5HI.csv,775,299951,0.0,0.0,17.167892323262038,3.457543811726428,0.028572646703681655,0.9521658319937947,-0.7295054715718567,0.006060936381323405,0.670221204452696,3.071226878076876,-0.16473136431334337,5.7547534855172815,19.556807484933074,2,7
train,train_noisy_1e_m15_200x5HI.csv,776,299951,0.0,0.0,7.1857100800485085,4.029136760079707,0.004825782266533628,0.384852490682837,-1.299669745827323,0.012432770146767736,0.2901956307476736,2.972642138987774,-0.028257689923318098,3.168592423546471,12.832895375068972,2,7
train,train_noisy_1e_m15_200x5HI.csv,777,299951,0.0,0.0,18.055258479926977,3.1916763699021735,0.02905298186211886,0.508737873407342,-0.7692107583067908,0.006749458311528428,0.27221676436744124,3.6600451716753586,-0.16943671459998882,6.127044498737406,19.950521594630004,2,6
train,train_noisy_1e_m15_200x5HI.csv,778,299951,0.0,0.0,11.258898112305019,6.885282870181779,0.008602965864541323,1.530963659083648,-0.7723774699400935,0.01614363645856365,0.3675774834471615,3.2004148496072635,-0.17054121130865244,5.444579788970342,17.59795141987098,1,9
train,train_noisy_1e_m15_200x5HI.csv,779,299951,0.0,,13.678554668882953,0.887675381223653,0.02650145015222278,2.3459157157097135,-0.7238997704681295,0.005928885796320603,0.5894490405125461,2.9228915911198006,-0.16934214235787814,5.3683864453426775,19.489193490864977,3,5
train,train_noisy_1e_m15_200x5HI.csv,780,299951,,0.0,,7.603685068247905,0.009178914332944564,6.096783282656863,-0.9637499506309214,0.006434499878821892,0.4121111452004732,3.2722075406052458,-0.1289636363451627,5.439056502315402,17.375851208022027,0,9
train,train_noisy_1e_m15_200x5HI.csv,781,299951,0.0,0.0,10.281494187291997,1.9349255911746848,0.010716649347445173,2.4606758563379496,-1.1819300373609154,0.00679210491306207,0.4968457053310905,2.6976254291648414,-0.053832884126464337,3.269712045741369,12.954125001449995,2,6
train,train_noisy_1e_m15_200x5HI.csv,782,299951,0.0,0.0,11.041286121462008,4.991125652013441,0.008758010509941721,0.21705580515468004,-0.8991554296179421,0.013411199900665347,0.3225060942228363,2.8559749409254533,-0.10312765073006405,4.203992558914904,18.412531149701977,1,9
train,train_noisy_1e_m15_200x5HI.csv,783,299951,0.0,0.0,12.848349602195015,2.6959213202582726,0.020598097174475347,4.679404375991642,-0.8737284019815297,0.00617831600656652,0.7049912963683937,2.901367819644603,-0.11773495701850821,4.707393595296684,18.99201754512103,2,7
train,train_noisy_1e_m15_200x5HI.csv,784,299951,,0.0,,2.461674255165638,0.014660130744938991,4.618277282939739,-1.164602331943516,0.004354195016485851,0.805059082080808,2.7825355530539193,-0.12163390209775454,4.019862328529231,14.826893956563026,0,24
train,train_noisy_1e_m15_200x5HI.csv,785,299951,,0.0,,4.8927167926734825,0.030095198803125472,1.2739635956383761,-0.7396800354906832,0.006892762736952431,0.17752022723258656,3.317705190619999,-0.18031054692173298,6.020630372813764,19.646086293687972,0,8
train,train_noisy_1e_m15_200x5HI.csv,786,299951,,0.0,,2.4394884250628337,0.008929969303840461,2.9419862458482546,-1.7285562174003408,0.0033341468360261854,1.2994600284055169,2.719488119477142,-0.1229409936260437,2.457919110528913,10.48253802501597,0,16
train,train_noisy_1e_m15_200x5HI.csv,787,299951,0.0,0.0,9.584042882371477,3.8978435241795717,0.016064637847554162,3.649282606753623,-1.0178371911047164,0.003949282419203668,0.13346298566094814,2.8841489000775185,-0.10292209192029401,4.052881144426589,17.70550844342199,2,7
train,train_noisy_1e_m15_200x5HI.csv,788,299951,0.0,0.0,12.148589596174531,6.238340531417715,0.023867588507473798,4.980822749295907,-0.7736274604625151,0.008617998539699974,1.1776979316330545,3.452506006940515,-0.16913653820554178,6.410181290591053,19.636951718249975,2,7
train,train_noisy_1e_m15_200x5HI.csv,789,299951,0.0,0.0,9.945766994315989,6.160919964743706,0.01215432021997919,0.6476653186950223,-0.7277764314494192,0.016630003083757863,0.26478951975743664,3.3694124199202244,-0.16076745406303697,5.988438370021959,19.370480622270975,1,7
train,train_noisy_1e_m15_200x5HI.csv,790,299951,0.0,0.0,10.798513874895548,4.3202181869730145,0.01546514806992857,2.387480103525433,-1.0026075973778452,0.008077036331256237,0.5403672101289578,3.3125188742239278,-0.1151833923988569,4.343524996209343,18.405441290371073,2,7
train,train_noisy_1e_m15_200x5HI.csv,791,299951,0.0,0.0,6.294338399533501,5.2142255432127556,0.0021438125914610647,3.7284718508219514,-0.8761753041442986,0.009387169158345202,0.9068121318455638,2.8263422429382277,-0.12102206861681242,4.448754117556199,19.400333508784,2,8
train,train_noisy_1e_m15_200x5HI.csv,792,299951,0.0,0.0,14.534330441704924,4.712346707881482,0.018310792683377868,1.9153767983953696,-0.8582379397357456,0.00505360162127023,0.768819211166658,3.3424380227239987,-0.14658581220767508,5.2225014183834935,19.00803059912994,2,7
train,train_noisy_1e_m15_200x5HI.csv,793,299951,0.0,0.0,15.259159019045,3.0429047433088465,0.005345603899401876,1.9675688906617355,-0.9085147701230474,0.008673821859476794,0.586142669736665,3.022883611647058,-0.1198074726961432,4.347027276289952,19.239435556432,2,7
train,train_noisy_1e_m15_200x5HI.csv,794,299951,0.0,0.0,13.30063557339497,1.4154501348406825,0.015313409088100275,1.2302118398788089,-1.1868359174969625,0.003472276833391032,0.40497572043187635,2.952227727082363,-0.08727670687651201,3.48032058779835,14.721738344620917,2,6
train,train_noisy_1e_m15_200x5HI.csv,795,299951,0.0,0.0,15.829121295111463,3.3664664514262768,0.01780735990569052,2.357118807567147,-0.8954873202612386,0.007916687224207008,0.7519039326874926,3.1890878333532404,-0.15851787559370284,5.133426119417354,16.985177961318982,2,7
train,train_noisy_1e_m15_200x5HI.csv,796,299951,,0.0,,2.34888347196267,0.010061806087018952,0.6423571943505166,-0.8914776818615724,0.013550986170739278,0.2501542903350433,3.0225007575746483,-0.13840469945332307,4.671010869857434,17.483448970519987,0,12
train,train_noisy_1e_m15_200x5HI.csv,797,299951,0.0,0.0,14.095968673057001,3.7700147033691245,0.0038170146976158614,0.5301464327237086,-0.9867435381356118,0.01683472106591527,0.5109324353862252,3.0370034319976296,-0.15535764067662655,4.151873575152523,17.652346632497995,2,8
train,train_noisy_1e_m15_200x5HI.csv,798,299951,0.0,0.0,6.831583869756969,5.165763586465268,0.009199111265810134,3.6427226125070153,-1.0469627334041423,0.007713043201376509,0.9058875335771427,3.082564655760264,-0.0802129781472841,4.091518341900041,16.450866015171982,1,8
train,train_noisy_1e_m15_200x5HI.csv,799,299951,0.0,0.0,10.36697917854599,5.968237677470224,0.005420344099979445,0.7698650901392243,-1.0066692543092184,0.015398623762732372,0.6410052216293771,3.117365694036981,-0.09925734006570253,4.309018858564993,14.952917536612972,1,9
train,train_noisy_1e_m15_200x5HI.csv,800,299951,0.0,0.0,11.698336933004498,3.61713704425919,0.01602002062558564,0.6906809183682716,-1.1123134145341853,0.006121580901959034,0.2991046894295762,3.5240313220915698,-0.10789571995413431,4.352301177706336,15.846870813810028,2,6
train,train_noisy_1e_m15_200x5LO.csv,201,299951,0.0,0.0,11.349555798095025,5.077200465865563,0.0041791935981216775,0.6798200916556532,-0.630329051938747,0.016105181513401724,0.18723223329863706,2.5177346751766843,-0.09313098449568152,5.24149686230372,19.84094957352403,2,7
train,train_noisy_1e_m15_200x5LO.csv,202,299951,0.0,,10.156382377677309,0.9602003840330099,0.013553795919642135,0.5371439111257956,-0.6450651882005766,0.013921779241321297,0.3879401450303043,2.5515953736786594,-0.08808347120994835,5.146161467894624,19.854650120333986,3,5
train,train_noisy_1e_m15_200x5LO.csv,203,299951,0.0,0.0,8.260595275466926,4.340625241246769,0.01614804194772223,1.8687898833480356,-0.731056902482013,0.007288713878281592,0.7339479547998696,2.231945285027302,-0.0783283382951119,4.025749260254793,18.87929164792604,1,8
train,train_noisy_1e_m15_200x5LO.csv,204,299951,0.0,0.0,15.318931515326028,5.557770168327447,0.00418674523642247,1.1293539298711854,-0.695093589806727,0.00933860238820902,0.652197049752277,2.4334419124546756,-0.07039355179367879,4.7053259852186295,16.339296373198977,1,9
train,train_noisy_1e_m15_200x5LO.csv,205,299951,0.0,0.0,5.820973412595976,3.122550814441624,0.005023420665992307,2.6353952919946924,-1.2087622650260212,0.007270208247054235,0.8644225183848422,1.8717560878303365,-0.08317521621354552,2.2995496373442648,10.318117872968969,2,8
train,train_noisy_1e_m15_200x5LO.csv,206,299951,0.0,0.0,4.870857115771969,3.433346427007526,0.015961733313983602,1.211176932325678,-0.7423476222029238,0.005224993810278708,0.3654169183940843,2.189362831860241,-0.11852973762478665,4.145844380453106,16.411044797099066,2,6
train,train_noisy_1e_m15_200x5LO.csv,207,299951,0.0,0.0,11.873055537531968,3.4004767531967155,0.009021385996606497,0.2786241598027308,-0.6956212619106977,0.013604405977974719,0.4080810778464124,2.530647422229249,-0.10399957550669689,4.808489178673973,19.37287578652797,1,7
train,train_noisy_1e_m15_200x5LO.csv,208,299951,0.0,0.0,8.98005711988202,3.8869592058100255,0.018802343662990346,2.909241327003021,-0.8537108246003854,0.004907477724216928,0.9714412931254197,2.148734798790629,-0.07993784190274082,3.5316591434140348,16.48581801145906,2,7
train,train_noisy_1e_m15_200x5LO.csv,209,299951,0.0,0.0,16.94056576945303,3.913039637890295,0.014041891999423708,1.327754710279156,-0.6701101658746121,0.006652552136053512,0.3349020958556954,2.6525079278798245,-0.11948427222562946,5.389187945159456,18.206288752717,2,7
train,train_noisy_1e_m15_200x5LO.csv,210,299951,0.0,0.0,16.49193298365401,5.22071470786234,0.00526010974126425,0.4703965580975975,-0.7256409628093483,0.013323160216914376,0.8620858308623008,2.464272089647389,-0.10030157287047597,4.5920290110912765,16.907247172495033,1,9
train,train_noisy_1e_m15_200x5LO.csv,211,299951,0.0,0.0,5.752118973175925,4.901790974401479,0.010307317582086585,4.178671567854938,-0.7712475782232825,0.005478468603581488,0.7494517263549899,2.1812435338870637,-0.0739879343611164,4.041846336144617,18.132677641076043,1,8
train,train_noisy_1e_m15_200x5LO.csv,212,299951,0.0,0.0,9.739768585155048,6.911084496209885,0.023073235384631054,1.3890902568598724,-0.6402726924372678,0.006732492965433821,0.3341609505610898,2.6092647856112063,-0.09836537626288028,5.295861556913573,18.572899844490053,1,9
train,train_noisy_1e_m15_200x5LO.csv,213,299951,0.0,0.0,5.758704655630936,5.4651416914115565,0.004023933507935202,4.5252678931664025,-0.7085687015056567,0.006002941978112875,0.4627091049275848,2.1610349788149885,-0.08050109398214658,4.335478078676378,19.010601274414967,1,9
train,train_noisy_1e_m15_200x5LO.csv,214,299951,0.0,0.0,13.787231940683,3.727578572957327,0.017204143297628913,1.7165626638856555,-0.5587951748705325,0.009216248305475846,0.36655303550901647,2.688542513371066,-0.10948937027804961,6.224788859628419,19.540222385950983,3,6
train,train_noisy_1e_m15_200x5LO.csv,215,299951,0.0,0.0,13.173375395455992,4.510766756388437,0.006452966165056308,2.43211116537408,-0.740468551660925,0.010800524503218292,0.6218242877978035,2.4957126189651166,-0.08109932682214306,4.63723989872216,17.71898857977004,1,7
train,train_noisy_1e_m15_200x5LO.csv,216,299951,0.0,0.0,17.804448185584988,4.016630260365034,0.020995868340868723,1.099669379589657,-0.6857936489580211,0.005886314220843751,0.7152525029711329,2.446496717237509,-0.09906287685917886,4.769430610475082,17.804448185584988,1,8
train,train_noisy_1e_m15_200x5LO.csv,217,299951,0.0,0.0,5.848884848042985,5.8428894822871404,0.017190548166324197,1.8732739004553345,-0.6184751531811963,0.005525709578134705,0.02237020100748271,2.4856769466958535,-0.10189654238109198,5.462641174628625,18.479413485532973,1,7
train,train_noisy_1e_m15_200x5LO.csv,218,299951,0.0,0.0,7.3380188102989905,4.738202039670974,0.019153674036860264,5.730246205532608,-0.6661797231994818,0.0086166382692349,0.5171010768583769,2.3768353628329977,-0.09634977700476677,5.125882805191743,19.58740204624803,1,7
train,train_noisy_1e_m15_200x5LO.csv,219,299951,0.0,0.0,13.664837284227474,4.822530701799841,0.009649162648958575,3.788660204260729,-0.77998605897997,0.005414981124971397,0.4675539826654625,2.556222284228708,-0.09207046998490315,4.814246549834741,17.508449350899014,2,7
train,train_noisy_1e_m15_200x5LO.csv,220,299951,0.0,0.0,9.493988529240013,2.2201938941754946,0.0034448382649793574,0.09486918856431625,-1.1576588171651805,0.011098576063488744,0.24490520248423137,2.269730786522004,-0.08432887810691829,2.756906734780169,10.463024100520016,2,6
train,train_noisy_1e_m15_200x5LO.csv,221,299951,0.0,0.0,13.076609075229348,3.9501202408088525,0.02458645531203365,0.6500541633210721,-0.6000720485064953,0.006546652802238107,0.3860978289203938,2.613508873387674,-0.10521846046504457,5.628211532437833,19.89696082053308,3,6
train,train_noisy_1e_m15_200x5LO.csv,222,299951,0.0,0.0,19.961936179760016,5.856649820262987,0.006114349233732997,0.4850384409379789,-0.6119659314221833,0.016911547694763166,0.877169668114663,2.623240924069481,-0.10064866393031968,5.480114983434986,19.961936179760016,1,9
train,train_noisy_1e_m15_200x5LO.csv,223,299951,0.0,0.0,17.91003664616602,2.863642480039565,0.00607756915685226,0.09911365865383814,-0.6525880206699852,0.01008233116344821,0.382615960836155,2.6081431653997376,-0.09362004374206404,5.2162737252031475,18.73969381014706,2,7
train,train_noisy_1e_m15_200x5LO.csv,224,299951,0.0,0.0,4.680154692754002,3.8137700505169883,0.004235910142300781,6.071156528395286,-0.7135836650151609,0.010439930190230848,0.7101944679863688,2.2329577677301176,-0.13618498010117155,4.680359876113415,19.425261711836015,1,9
train,train_noisy_1e_m15_200x5LO.csv,225,299951,0.0,0.0,18.97640453837002,3.319237963887005,0.0022098977567092796,2.5877737798415126,-0.7059273508181044,0.01608002976526314,0.2966065409358854,2.25603606879266,-0.09115358744913017,4.323841271742083,18.97640453837002,1,8
train,train_noisy_1e_m15_200x5LO.csv,226,299951,0.0,0.0,17.21617897098554,0.600713021842956,0.008295832372428773,0.03241190256430482,-0.6406846234527139,0.005379062087881221,0.5176811301826183,2.3638725915212953,-0.08865613134916796,4.93495870541159,17.430572532267092,2,52
train,train_noisy_1e_m15_200x5LO.csv,227,299951,,0.0,,4.203078232948548,0.004999421842620037,3.4982038839288423,-0.8485448752137735,0.0074605546640591795,0.3789599159818191,2.3185349786809715,-0.04414675757726778,3.899830888278786,17.020652389085,0,9
train,train_noisy_1e_m15_200x5LO.csv,228,299951,,0.0,,5.457321313130507,0.021010417149669277,1.9942650948396121,-0.655254356861163,0.008962104678512625,0.16761603221047078,2.748664431297863,-0.11370659874478381,5.716388704026719,18.341160908792062,0,8
train,train_noisy_1e_m15_200x5LO.csv,229,299951,0.0,0.0,14.25813919838663,3.3293237920023366,0.019719491805731914,1.6079774551803885,-0.6471900417156812,0.009101618473510608,0.7317558150112309,2.674380662550387,-0.1208505237024888,5.634974368186564,17.96951005224105,3,6
train,train_noisy_1e_m15_200x5LO.csv,230,299951,,0.0,,5.521021970992554,0.008972886508047454,5.101470262365683,-0.9633665292281071,0.012223705220642598,1.4373873649255453,2.529567704297295,-0.09659188566814018,4.339050794890859,15.204631002062001,0,9
train,train_noisy_1e_m15_200x5LO.csv,231,299951,0.0,0.0,5.441277473574473,1.1832587028824832,0.007546197094272142,1.029310570971981,-1.088741258993225,0.007167078051148896,0.4125895317658124,1.9941385702285424,-0.048914982650667384,2.6513752913676676,11.527962818362028,2,6
train,train_noisy_1e_m15_200x5LO.csv,232,299951,0.0,0.0,9.213923842233015,2.349422132466221,0.006145862677259543,3.3168395201791747,-0.6879788494775916,0.01897872435530614,1.1331209015058166,2.4267932728522936,-0.07898869808558566,4.732141283884228,17.992991956111013,1,23
train,train_noisy_1e_m15_200x5LO.csv,233,299951,0.0,0.0,19.898798995975994,6.402686371577502,0.014091581715345537,1.8132252878379642,-0.6334055504010422,0.00912011120661852,0.9170293961658038,2.8106061623644343,-0.1279312191657073,5.946938123675747,19.898798995975994,1,8
train,train_noisy_1e_m15_200x5LO.csv,234,299951,0.0,,11.789492197758667,0.8205277735138111,0.007749158380805388,4.374340498241002,-0.8259095708838695,0.009285794438135424,0.3907951411631965,2.261479684041688,-0.07796674303530698,4.008873949932698,15.852168465943976,3,5
train,train_noisy_1e_m15_200x5LO.csv,235,299951,0.0,0.0,11.403856070453969,2.4664357996685533,0.007587041778265841,0.04823499869206316,-1.0164029792133062,0.006554716492720197,0.3259730624989076,2.3231888523408033,-0.041774079783043226,3.238805038362071,13.059631532009007,1,7
train,train_noisy_1e_m15_200x5LO.csv,236,299951,0.0,0.0,16.450385177010972,5.732339195969713,0.006500749950372754,1.3395853315280517,-0.5758233582831457,0.024087198491752067,0.5117113927361289,2.8820685595692783,-0.1376324544333713,6.600567718311212,18.795854631702014,2,7
train,train_noisy_1e_m15_200x5LO.csv,237,299951,0.0,0.0,14.575318014094023,5.313604978438377,0.012888609757920617,4.834745183023864,-0.8915116565551423,0.005004966361646778,0.22906377567275138,2.4682394423829996,-0.0751639479299043,4.31208656620061,14.987561111688024,1,8
train,train_noisy_1e_m15_200x5LO.csv,238,299951,0.0,0.0,7.989910669510039,5.4702644182518725,0.0042177554360042545,1.071982129383159,-0.780598533629548,0.017074053297505026,0.15259046239015908,2.6809543372776172,-0.09796400013831741,4.765979848880082,17.53268998514102,1,8
train,train_noisy_1e_m15_200x5LO.csv,239,299951,0.0,0.0,7.629100074027671,3.196402377580335,0.012383865756341764,3.414401251863474,-0.8335274268765572,0.0037146182641556876,0.7715634091307951,2.257001736102922,-0.08585105190656914,3.709559965050319,17.115539718025047,3,9
train,train_noisy_1e_m15_200x5LO.csv,240,299951,0.0,0.0,9.990226292054047,5.619745451695508,0.00895629797171274,2.988736257583312,-0.7736653161418092,0.01365596730301472,0.6129633561054117,2.4987335764506082,-0.09388131448418016,4.668629195884568,18.159465966804987,1,8
train,train_noisy_1e_m15_200x5LO.csv,241,299951,0.0,0.0,17.62554463444303,5.435667341928749,0.012800239891029533,2.3726821084344296,-0.6189729134109455,0.007960538872909114,0.26910541632447205,2.477446397420226,-0.1301597372503824,5.38682403040769,17.929590504649923,1,8
train,train_noisy_1e_m15_200x5LO.csv,242,299951,,0.0,,6.2539498520167,0.002105091896353325,5.322191916536714,-0.7642174815064106,0.020888198474719854,0.4152970961583191,2.4053523087031814,-0.0774443024104453,4.700590111769633,18.99963770701501,0,10
train,train_noisy_1e_m15_200x5LO.csv,243,299951,,0.0,,5.9195459275943705,0.023508063334019686,3.3792967900959754,-0.6112843861842681,0.007087576762890706,0.262480415961942,2.6813985002813627,-0.10586517337229072,6.085750240367584,18.768729792819045,0,8
train,train_noisy_1e_m15_200x5LO.csv,244,299951,0.0,0.0,8.489815563719475,2.9662491932837156,0.003573329361162193,1.3708486243720333,-1.1624485351542069,0.007636948036924487,0.5869832147585171,2.121862398208387,-0.07515910984206574,2.619485879653818,10.658571419750956,2,7
train,train_noisy_1e_m15_200x5LO.csv,245,299951,0.0,0.0,12.022113285935006,4.799769159319865,0.00703384356326377,1.137935052562598,-0.9211203154355696,0.005702881875906151,0.42290298306064095,2.3649408305313995,-0.06433301736162458,3.6337088573825507,12.998797578036942,1,8
train,train_noisy_1e_m15_200x5LO.csv,246,299951,0.0,0.0,14.736071871009528,5.335838640554422,0.025016043249466425,4.150007198047468,-0.6954649446102803,0.006884479181313476,0.6050903672273212,2.767173581625239,-0.12499943220619658,5.879068474359146,17.391964515343034,2,7
train,train_noisy_1e_m15_200x5LO.csv,247,299951,0.0,0.0,10.451965138157504,3.896642310257854,0.0075046930529597995,2.77506489089775,-0.8223395811340528,0.01213846186887492,0.5509895672899885,2.2939798040386377,-0.04936797550076828,3.8034196475717343,15.90617642200101,2,7
train,train_noisy_1e_m15_200x5LO.csv,248,299951,0.0,0.0,18.753801901880934,2.9789032478577155,0.016141435745825137,0.2855204832240652,-0.5792767208401397,0.008659573151562308,0.4337368374015317,2.50072391768765,-0.12750457378086574,5.544867798061522,19.702727028048002,1,7
train,train_noisy_1e_m15_200x5LO.csv,249,299951,,0.0,,1.0276177195043747,0.004124056164199527,3.887555485517726,-1.0382792459659014,0.008919172570298185,0.4114082451601635,2.282870524192331,-0.046857463383085315,3.356705416145395,15.224405190394975,0,48
train,train_noisy_1e_m15_200x5LO.csv,250,299951,,0.0,,6.7769611017522635,0.0206950139441558,3.7629163392073663,-0.7041675191931539,0.006753082109435663,0.20752031723549624,2.7074485518614977,-0.11807408494303341,5.609230058203349,18.593654554280988,0,8
train,train_noisy_1e_m15_200x5LO.csv,251,299951,0.0,0.0,8.176855211031011,0.9880906953147839,0.017512422892923422,2.900443418537046,-0.9162010052208236,0.004673800789774041,1.476861079681008,2.296933073542172,-0.07268030253041699,3.7015400606151787,14.213686794682076,1,47
train,train_noisy_1e_m15_200x5LO.csv,252,299951,0.0,0.0,15.140772816664992,2.3586658119466235,0.004039050150876043,1.496809428133954,-0.707244651525573,0.013756720436488973,0.573345889017151,2.3873882375287527,-0.08281968324448152,4.409388732976096,17.850205398853006,1,19
train,train_noisy_1e_m15_200x5LO.csv,253,299951,0.0,0.0,4.903279624563993,4.185623841277726,0.006583446969922405,4.159796189150654,-0.794680478361864,0.004206717684859642,0.9182570974020261,2.122502825859148,-0.09762311650091177,3.851792613993397,17.809705968256935,1,11
train,train_noisy_1e_m15_200x5LO.csv,254,299951,0.0,0.0,17.070484739191016,6.745245759778994,0.004669056972481775,1.6726935518883517,-0.6596390493073687,0.029002901006418023,0.8353696085981123,2.7118197183666517,-0.12283382597894313,5.511794224470887,18.088619197279,1,9
train,train_noisy_1e_m15_200x5LO.csv,255,299951,0.0,0.0,7.9890844598060085,3.567158279109549,0.01779984893870556,1.1792648664389311,-0.8063219228536481,0.0041464581526775846,0.752038444876088,2.094254813309987,-0.11363816744076877,3.8157213042174276,16.26641112262905,2,7
train,train_noisy_1e_m15_200x5LO.csv,256,299951,0.0,0.0,10.00462620614303,6.382648273623133,0.01597435515704544,5.566623708531378,-0.8209070829116459,0.007418950315749079,1.1838378308098236,2.601917084118763,-0.08812109833320406,4.95245265773446,16.221965127209046,2,8
train,train_noisy_1e_m15_200x5LO.csv,257,299951,0.0,0.0,11.628570194554527,4.006073111253711,0.005862780046310559,2.5206186051277912,-0.8907521182179259,0.007752306327764057,0.11033684502750202,2.5145978579645423,-0.08801477935385,4.112609889861751,14.757739441652916,2,7
train,train_noisy_1e_m15_200x5LO.csv,258,299951,0.0,0.0,15.403708584826973,4.887375695402154,0.01985694711809439,0.16732816584809385,-0.6841412530970699,0.006595998694032183,0.35329904202626944,2.646583339376966,-0.11594595116340023,5.310508223386362,16.75497622808598,1,7
train,train_noisy_1e_m15_200x5LO.csv,259,299951,0.0,0.0,15.86435160320491,5.646132150230017,0.012500225755053664,0.9492791294819956,-0.7331880716352407,0.006249512263589707,0.49880666673156276,2.616768651099244,-0.11568362379721392,4.914813879889143,16.57850816721998,1,8
train,train_noisy_1e_m15_200x5LO.csv,260,299951,0.0,0.0,12.273942271133478,3.8907288549070245,0.015397730111510662,3.7188092661301475,-0.7912323731205065,0.004433697895035253,0.12499650910634141,2.5244764730827742,-0.08172354322579047,4.493789636621703,18.053457498452985,2,7
train,train_noisy_1e_m15_200x5LO.csv,261,299951,0.0,0.0,14.651859829151343,3.632043753176,0.0026573537045433892,1.346374781434755,-0.6397317072297719,0.012640503570418106,0.5002470813328683,2.484784187304407,-0.08968040869618064,5.157723601287803,19.62151616415798,3,7
train,train_noisy_1e_m15_200x5LO.csv,262,299951,0.0,0.0,7.696913473224015,4.060998471434253,0.0020287426606888596,1.2716626331967147,-1.079684269129368,0.013804621991773559,0.36039411480165245,2.2089646757926085,-0.04740038282134119,2.895376078253877,11.422764756975994,1,8
train,train_noisy_1e_m15_200x5LO.csv,263,299951,0.0,0.0,14.015751364141996,1.6783655232136805,0.00680403552013756,1.856174395878301,-0.6649011503470122,0.005257014113896638,0.41924094702103626,2.4555544588532263,-0.12220945709641001,5.018832067330604,16.617212632324026,3,6
train,train_noisy_1e_m15_200x5LO.csv,264,299951,0.0,0.0,11.923690818003934,4.419535160385863,0.014292025068440215,0.17740442415347468,-0.8764840434914769,0.004767838111402688,0.37135024778965875,2.594531026148233,-0.08784522028070842,4.212290691736538,13.653872372454998,1,7
train,train_noisy_1e_m15_200x5LO.csv,265,112409,,0.0,,7.385901232972022,0.05812522417764557,7.800758696830799,-0.6947068955701577,0.00787903532854573,0.7754501487001486,3.1591323833256437,-0.13858316730148437,7.208986189193546,19.681269479277034,0,3
train,train_noisy_1e_m15_200x5MED.csv,401,299951,0.0,0.0,13.456037774643505,4.179133980920994,0.01695655464037479,3.439741617185357,-0.7973384234707782,0.010560068433041005,0.6783028082864546,2.975915839350938,-0.12202033447957689,5.360590584433099,19.318318821155003,2,7
train,train_noisy_1e_m15_200x5MED.csv,402,299951,0.0,0.0,6.0098185486770035,3.361741825569855,0.011526791067463708,1.5715693707873544,-0.7606944092656283,0.014381197151336542,0.4522736805397948,2.639266852873996,-0.10204651274485779,4.78236487238078,19.35152970952396,1,7
train,train_noisy_1e_m15_200x5MED.csv,403,299951,0.0,0.0,6.256584684737049,4.632014121180691,0.007131754656320428,3.7160693324241016,-0.7996815194180734,0.0055182505197931215,0.791954489466614,2.651350911394895,-0.08750961414626474,4.486707844210194,17.96084159249301,1,10
train,train_noisy_1e_m15_200x5MED.csv,404,299951,0.0,0.0,13.928519671296954,4.155392399079119,0.007239167423387487,4.578073469651549,-0.8536319645661742,0.005194380605919919,0.1368939788106398,2.5448876523759743,-0.06707993646329731,4.049440805999079,17.91223769967803,1,8
train,train_noisy_1e_m15_200x5MED.csv,405,299951,0.0,0.0,16.997816338343,5.647868179275989,0.0066570256279879884,0.9694760349053926,-0.6761137776251078,0.006662642130132792,0.6177988387746897,2.609653868957861,-0.11472953519357298,5.158458230072662,19.322229775707,1,8
train,train_noisy_1e_m15_200x5MED.csv,406,299951,0.0,0.0,15.972257967338976,5.095794528529886,0.00739969850593175,0.999420576388971,-0.8324581422133788,0.010804795966185336,0.9995905402344915,2.8301746853466585,-0.09902652853846218,4.6893837218743055,15.972257967338976,1,8
train,train_noisy_1e_m15_200x5MED.csv,407,299951,0.0,0.0,13.060695404838498,4.665663990439709,0.007587449712326711,2.8176577931727262,-0.6845210969108555,0.0064441792166406876,0.38326763976314826,2.592406238106992,-0.09923670292443743,4.939685290627607,19.800828226125986,2,7
train,train_noisy_1e_m15_200x5MED.csv,408,299951,0.0,0.0,9.360485950683,4.87573280507074,0.004365451310050238,1.7726780717020452,-0.7424555700806679,0.011955614533537755,0.4917978251452259,2.584091707648588,-0.07226430836714945,4.43158375678471,19.719925219933998,2,8
train,train_noisy_1e_m15_200x5MED.csv,409,299951,0.0,0.0,12.000083792694966,3.7942305613643534,0.010120211622683528,3.2965227772736156,-0.8001403753238331,0.008651539211111019,0.19497207217044643,2.707692591408429,-0.11817593268972304,4.732296833967224,17.825649813240034,2,6
train,train_noisy_1e_m15_200x5MED.csv,410,299951,0.0,0.0,18.127332584658006,4.189768222481429,0.01783358830058291,3.0747484664763998,-0.7362078539749657,0.011017134718678387,0.4150998837017766,3.057135820745127,-0.13796170380682596,5.65251657123255,19.258832295511013,1,7
train,train_noisy_1e_m15_200x5MED.csv,411,299951,0.0,,13.225186533803006,1.2272116312740082,0.010869504997258276,0.10540568854669718,-0.838398939239564,0.00978492003215064,0.4127033198165684,2.8488323997085785,-0.12007141498509916,4.781114689338316,14.873474785209964,3,5
train,train_noisy_1e_m15_200x5MED.csv,412,299951,0.0,0.0,16.455998899716008,6.5492744490426205,0.0014307301115468814,2.79944096214378,-0.7109335866326214,0.02242387720946172,0.4486077363300266,3.246857449201326,-0.14465282097768142,6.006407630292618,19.415615879826987,1,8
train,train_noisy_1e_m15_200x5MED.csv,413,299951,0.0,0.0,12.188572165572054,4.455605710164995,0.012957074970926892,2.528380261604257,-0.9999729805349943,0.005987496694264891,0.6296614001585781,2.90736294557651,-0.10477002666745798,4.213943153015365,14.632411789884031,2,7
train,train_noisy_1e_m15_200x5MED.csv,414,299951,0.0,,10.226403906875968,0.7710266631036348,0.019331251157171426,5.159209468533786,-0.8235012360315184,0.0051295714105208876,0.41245064458320563,2.349713296707606,-0.09938936250699613,4.14241402559764,17.662459253022007,3,5
train,train_noisy_1e_m15_200x5MED.csv,415,299951,0.0,,14.660560543278999,0.917343721786392,0.007981001286932203,2.3265790084608895,-0.7717095912222437,0.006579084679414668,0.25834246295559815,2.6813274030611614,-0.09803299013038505,4.6421280362375335,19.401746943728995,3,5
train,train_noisy_1e_m15_200x5MED.csv,416,299951,0.0,0.0,12.020649152591034,2.421112709082138,0.021032450803227548,3.1617389051667324,-0.6771452581105364,0.0074467898563556015,0.08883989785985466,2.694088090549478,-0.14147439728325648,5.440342468622389,19.675618295201048,2,6
train,train_noisy_1e_m15_200x5MED.csv,417,299951,0.0,0.0,9.096131977435505,4.406833286510424,0.008619430657316607,0.45354386858765405,-0.7918395029032791,0.013471543820522252,0.334304835629852,2.614448087197362,-0.10530731953207846,4.428242705860475,17.631133885094016,2,7
train,train_noisy_1e_m15_200x5MED.csv,418,299951,0.0,0.0,11.712239357528006,4.365164325101001,0.011029213483999099,0.32613619493906043,-0.7856382971897341,0.01644783689971138,0.3609613168857711,3.1050401593279218,-0.1402657112294909,5.3079709358399345,17.50799775303898,1,7
train,train_noisy_1e_m15_200x5MED.csv,419,299951,,0.0,,5.962817790182498,0.01701754314797361,5.7921332489367865,-0.9100436930310751,0.007941427442463173,1.0852025144008384,2.8940447385014445,-0.09930890338036152,5.0977317342129025,18.248110803775035,0,12
train,train_noisy_1e_m15_200x5MED.csv,420,299951,0.0,0.0,13.074468962712501,4.292948732098651,0.01402538117480738,3.9725736578310937,-0.9471995063494355,0.004637425476883555,0.47260870123956006,2.808871096751784,-0.09834185063345073,4.278350881062428,18.324921531556015,2,8
train,train_noisy_1e_m15_200x5MED.csv,421,299951,0.0,0.0,16.036515647018007,3.586912342879837,0.008235732541983322,0.5388491903224599,-0.7477581507281581,0.015674732384096546,0.24892241098776696,3.0731209362036966,-0.13759429944560042,5.503716362842502,19.13550126550399,2,6
train,train_noisy_1e_m15_200x5MED.csv,422,299951,0.0,0.0,13.143162478576016,3.3533234767458646,0.006315228569852607,0.6608421588176951,-0.9710235678410783,0.0065785406220112965,0.438047696945579,2.6806286069761174,-0.10960464904308714,3.7773734050443646,16.137600842999063,2,7
train,train_noisy_1e_m15_200x5MED.csv,423,299951,0.0,0.0,12.112758005056094,3.241811311685347,0.007899436934277715,4.072273690127531,-0.8740155307864678,0.00705903033103777,0.03161341182971346,2.5106674492736194,-0.07587395901123879,3.996993710411427,18.130768954781047,1,9
train,train_noisy_1e_m15_200x5MED.csv,424,299951,0.0,0.0,9.508640337987686,4.104667335647832,0.017809515765219844,1.5016032470401468,-0.7271906301050416,0.009067451841426858,0.4310729118132483,3.0375700259033604,-0.12317471385376742,5.363548518464724,19.54112889132,3,6
train,train_noisy_1e_m15_200x5MED.csv,425,299951,,0.0,,5.80456773874589,0.005852593992838329,4.861293496241814,-1.0109498559510866,0.011116400386913524,0.7677668725257975,2.745105585767328,-0.08473929707858856,4.253425885232314,17.449764324212026,0,9
train,train_noisy_1e_m15_200x5MED.csv,426,299951,0.0,0.0,15.024932130558511,3.6936371947764806,0.016599635712309574,3.202285080093704,-0.7334052937721824,0.011545742796724809,0.712170218129804,3.077838543416312,-0.14267837452007306,5.793767640066844,18.518338275784004,2,6
train,train_noisy_1e_m15_200x5MED.csv,427,299951,0.0,0.0,15.808896716781476,4.424691115380865,0.014400995986937306,2.156254473660331,-0.7268627297476729,0.013447519750444812,0.6188101566238985,3.122122172676804,-0.1421389857621175,5.774714744251658,18.24883658198098,2,7
train,train_noisy_1e_m15_200x5MED.csv,428,299951,0.0,0.0,11.25732334389454,2.583828400901204,0.029529424885003354,4.951637249900463,-0.6432923185378782,0.006681005451733383,0.762708577612305,2.787329184792341,-0.15345733044254534,6.197736868357918,19.17212334591602,2,15
train,train_noisy_1e_m15_200x5MED.csv,429,299951,0.0,0.0,10.94832957594997,2.8445463367410184,0.009924335564245676,0.32758157060846127,-1.018631034202937,0.004001786814635891,0.5148937560996518,2.5065533512483964,-0.05113764807063583,3.4253727892202495,13.615719450575966,2,6
train,train_noisy_1e_m15_200x5MED.csv,430,299951,0.0,0.0,19.309713844487344,2.02895129134752,0.018783126453541448,0.9462401679199139,-0.5671398799941159,0.012221924512125228,0.42745237586714924,3.0885608269935436,-0.1305425004424862,6.780974483753002,20.006031372956954,3,6
train,train_noisy_1e_m15_200x5MED.csv,431,299951,,0.0,,6.530022482946581,0.014647447958492075,2.1635313172520534,-0.7309716581210132,0.006970828975590147,0.23407493496411216,2.595812545988757,-0.0934951489827311,4.9525823927158505,18.083015614671012,0,9
train,train_noisy_1e_m15_200x5MED.csv,432,299951,0.0,0.0,10.8719879267735,3.9807644399483877,0.00306040274358907,1.5706720720162632,-1.18806481794615,0.010982799891349489,0.6888132839329972,2.6776506148635835,-0.06804461173644069,3.3452258661235827,11.835127577541982,2,8
train,train_noisy_1e_m15_200x5MED.csv,433,299951,0.0,0.0,7.282046037112991,5.015017448853412,0.010887493648091754,1.1785112132383695,-0.8748650599462559,0.007211636044706826,0.34096722178006894,2.78819183532265,-0.0916883443731633,4.357134264710504,16.636538825357093,1,7
train,train_noisy_1e_m15_200x5MED.csv,434,299951,,0.0,,6.751830938017665,0.006321833321927933,5.7265207852952456,-0.854920416625083,0.01011290060863587,0.29355102074603634,2.900059046082043,-0.08406183898880254,5.144829258976153,18.753867277614006,0,9
train,train_noisy_1e_m15_200x5MED.csv,435,299951,0.0,0.0,14.19567334523208,4.962569052857718,0.018189151925087868,0.16683692225200097,-0.7686108169472203,0.006015713524429754,0.3776833038557256,3.0065476948272942,-0.13232308598344703,5.321439953153477,17.669769584176038,1,7
train,train_noisy_1e_m15_200x5MED.csv,436,299951,0.0,0.0,11.814338777689954,5.151938706419372,0.0052101025906822595,2.180544445919266,-0.9245466025723896,0.006188215672077977,0.02877503618938045,2.9284549864909395,-0.13304010780463812,4.629559476477191,15.356360035205967,1,8
train,train_noisy_1e_m15_200x5MED.csv,437,299951,,0.0,,5.807216608677006,0.009021691031475244,4.9444421324965635,-0.9058957960650798,0.005537133838982281,0.08010522705548637,2.6864162149284976,-0.06939799854701187,4.39764817579926,18.512539665363988,0,9
train,train_noisy_1e_m15_200x5MED.csv,438,299951,0.0,0.0,13.724587174753992,3.977966928260717,0.0048809157961112,3.599846772933214,-0.75379608421984,0.015296338333487928,0.36285129170459207,2.6617721464972703,-0.08376136773372811,4.638583167277107,18.066148616194994,2,7
train,train_noisy_1e_m15_200x5MED.csv,439,299951,,0.0,,4.15483612482862,0.015742821749712282,1.497077500554039,-0.8785300571960909,0.0077009494518280345,0.17448490302479353,2.863342976208113,-0.08194906796629103,4.5167997640746025,15.899126132362994,0,8
train,train_noisy_1e_m15_200x5MED.csv,440,299951,0.0,0.0,12.793092628469973,3.790281988843276,0.020520282391566665,0.5321798417143784,-0.9407018294442185,0.0043619706159771805,0.5635007725579387,2.8477697462610103,-0.09583915584468203,4.273918276522512,14.231045056397988,3,7
train,train_noisy_1e_m15_200x5MED.csv,441,299951,,0.0,,5.241232332229099,0.030128716698369327,5.40800106103927,-0.8983059904924282,0.0044743373736847915,1.6789756868087387,2.7587335310787533,-0.07829863025643047,4.765534036601597,17.973170144516075,0,9
train,train_noisy_1e_m15_200x5MED.csv,442,299951,0.0,0.0,13.008459067252943,6.671056319013488,0.01109200451430179,2.1651642456822837,-0.7768107279533663,0.007146285919655131,0.04571636278772296,2.958355122533974,-0.11532366681623345,5.210506241566391,17.219964278237967,1,8
train,train_noisy_1e_m15_200x5MED.csv,443,299951,0.0,0.0,14.72016170253147,4.34209976710086,0.009167233443284913,0.25276499117388784,-0.7828641235893171,0.015843478764907423,0.43723887099646463,2.981633901771708,-0.11426436812147489,5.156815745830866,17.027148770016993,2,7
train,train_noisy_1e_m15_200x5MED.csv,444,299951,0.0,0.0,10.419626892011934,2.165808268125978,0.00633581466540251,2.1206429358406145,-0.8258423229206259,0.005501223461491199,0.2903606827574842,2.4970570032470114,-0.06959517615613763,3.8965079645074203,18.748980419106942,1,13
train,train_noisy_1e_m15_200x5MED.csv,445,299951,0.0,0.0,6.74385097559707,4.534772014984696,0.014427984342789335,1.4008044957251151,-0.800880396832619,0.00634793368599469,0.1384593012267291,2.516054149729872,-0.08519447949716623,4.164115227443073,18.658519672550028,1,7
train,train_noisy_1e_m15_200x5MED.csv,446,299951,0.0,0.0,13.398729075520919,6.760362054728337,0.015351573509488646,1.9930389199789724,-0.7410343273007961,0.009373991258286349,0.025388946445873507,2.9960925409990318,-0.10659365463483494,5.38661758640901,18.010996655316035,1,9
train,train_noisy_1e_m15_200x5MED.csv,447,299951,0.0,0.0,10.330312542511933,5.675234410239,0.019629207360175795,2.18939318498058,-0.6900848915378018,0.009943508676821696,0.4933191936558235,2.957964934201139,-0.12862816791205936,5.5612877272507495,19.746024702087084,1,8
train,train_noisy_1e_m15_200x5MED.csv,448,299951,0.0,0.0,11.989274658088505,4.008473339387559,0.003460194936087608,1.8162504483481645,-0.7230372467815359,0.00673058003311087,0.07798170730585058,2.5253053974168322,-0.11897886874774968,4.606845886257088,19.94126077257704,2,7
train,train_noisy_1e_m15_200x5MED.csv,449,299951,0.0,0.0,17.638596361292002,4.660449771061735,0.013228548755004333,3.946385974109106,-0.6991191251381593,0.0055128673494833445,0.15852564211827186,2.6938022616565376,-0.09215012377472773,5.011088258755063,19.95994809511808,1,8
train,train_noisy_1e_m15_200x5MED.csv,450,299951,0.0,0.0,7.052373723871028,3.978677552414309,0.009538924967770777,2.042527300189566,-1.248365014124455,0.003381233064322103,0.005376518384542293,2.3832670577271933,-0.02707944936173247,2.735761114203518,12.40273363357494,1,9
train,train_noisy_1e_m15_200x5MED.csv,451,299951,0.0,0.0,18.458409014398057,5.195980981869013,0.0067632562053006415,2.639431720072838,-0.6840890667100281,0.0074546544406687695,0.23059259625203288,2.547859795040335,-0.14635366234141606,5.077532178024947,18.458409014398057,1,8
train,train_noisy_1e_m15_200x5MED.csv,452,299951,0.0,0.0,13.205852710212335,1.9966810452950199,0.0075419341604441225,1.4688621631964724,-0.9012461688356133,0.004157911283837442,0.3856038570317414,2.546026983484276,-0.09950046989401705,3.947643789252656,15.919829435932002,3,6
train,train_noisy_1e_m15_200x5MED.csv,453,299951,0.0,0.0,12.82702851082847,2.8994516863021764,0.006297412517756725,3.520176326880791,-0.8440246747178436,0.017561447032419478,0.6202243201248405,2.8506071601603757,-0.09733826115266463,4.6612476804826475,19.09616982785397,2,6
train,train_noisy_1e_m15_200x5MED.csv,454,299951,,0.0,,5.778769773772776,0.008961174962288111,4.739878816910799,-0.9283623119349091,0.003867441054857674,0.05346403564594078,2.588612518377828,-0.09242485778127865,4.25746389334466,18.101502996580166,0,9
train,train_noisy_1e_m15_200x5MED.csv,455,299951,0.0,0.0,11.868555005341989,5.911944356142998,0.0021607617487038266,2.728361708142051,-0.9818909561727889,0.019809038643972716,0.9415744021962632,2.9433107069118365,-0.1119747972664287,4.375263252867177,16.636104957553982,1,9
train,train_noisy_1e_m15_200x5MED.csv,456,299951,0.0,0.0,4.111699541145015,5.111370105713867,0.009586219794338055,2.5413413937205562,-1.0232778453230624,0.010447056897524487,1.0258528547383348,2.7429838339646633,-0.11344010056883332,3.9900203426522896,14.239593105670963,1,8
train,train_noisy_1e_m15_200x5MED.csv,457,299951,0.0,0.0,18.03237630340692,4.696233038934009,0.006619819818576553,0.4603413648006516,-0.8320847183491874,0.008421019906329227,0.627828314589713,2.675453742850021,-0.11605591586777884,4.34146818163549,18.03237630340692,1,9
train,train_noisy_1e_m15_200x5MED.csv,458,299951,,0.0,,5.502548641284553,0.0029115546109774915,3.4913512703833964,-1.0853198766197052,0.012576831051894414,0.10584716277134001,2.745768124812849,-0.09505740909805163,3.9009007503854023,13.822917514458993,0,9
train,train_noisy_1e_m15_200x5MED.csv,459,299951,0.0,,6.041651474018977,0.5962196392037867,0.01622563902844691,2.6941467169098265,-1.1916342060371536,0.0037629046444944744,0.6767199167680752,2.2927071025649446,-0.023276916496589653,2.6997467381727493,13.448744355825056,3,5
train,train_noisy_1e_m15_200x5MED.csv,460,299951,0.0,0.0,7.421437934009987,5.281903397154249,0.0026398082095372617,3.40235889367338,-0.8309318260081104,0.018713988142339488,0.41593880649290355,2.8013312898697875,-0.11170519822123938,4.681512912449804,17.085238212148028,1,8
train,train_noisy_1e_m15_200x5MED.csv,461,299951,0.0,0.0,12.890683538957518,1.6771407300896708,0.012012569314645774,0.9241472594788087,-0.7462717313512438,0.009933846384143947,0.496123822898393,2.580975346714882,-0.054328589615476645,4.3694574855607495,18.33408602196704,2,6
train,train_noisy_1e_m15_200x5MED.csv,462,299951,,0.0,,4.815702983366107,0.00388183383144312,1.2978769164661523,-0.8344647088663076,0.01597822423643724,0.1452088874821554,2.433785993073914,-0.135245647010816,4.108959647859399,18.199051004653995,0,9
train,train_noisy_1e_m15_200x5MED.csv,463,299951,0.0,0.0,4.087845755071044,4.759612693849391,0.017174513086730597,0.632011602895763,-1.0309261482750254,0.004447448433020294,0.21759719223221333,2.4467682435420253,-0.08584722099873271,3.3917583934381823,14.131349736264951,1,8
train,train_noisy_1e_m15_200x5MED.csv,464,299951,0.0,0.0,18.350610241822494,1.1461471865342787,0.013311778545899476,0.713787671834182,-0.6909952319699013,0.0068086480918255156,0.37119794375862497,2.74445747643698,-0.10607208087967894,5.024014031635496,19.378363104692994,2,10
train,train_noisy_1e_m15_200x5MED.csv,465,299951,0.0,0.0,5.5042651009320025,5.896707250642984,0.008851622639827722,1.5952737365723824,-0.6891763894438108,0.01072958158387226,0.368176547474649,2.819886895645924,-0.13230734300213842,5.309328318683128,18.42813524424298,1,7
train,train_noisy_1e_m15_200x5MED.csv,466,299951,0.0,0.0,5.304778284781037,2.0887351298448102,0.004225849485693503,0.4474213586846578,-1.1180541273524067,0.008373632512937823,0.22128612022579916,2.3917704547881726,-0.03866103413973195,2.9932264108315976,12.27660972072897,1,16
train,train_noisy_1e_m15_200x5MED.csv,467,299951,0.0,0.0,6.949670901631066,7.057534314612351,0.023601129784059392,0.7773258272156323,-0.6976693418921616,0.006770486531346635,0.1273911881627296,2.940753771867409,-0.09613363010499286,5.363088487228263,18.99328757805506,1,9
train,train_noisy_1e_m15_200x5MED.csv,468,299951,0.0,0.0,16.23576354456001,2.9519698705216606,0.015291955032586964,0.9399456053904256,-0.7250137065228781,0.011882981245815785,0.5921923895025623,3.1588484138827266,-0.14582453374784524,5.834073041044283,17.148354856438004,3,6
train,train_noisy_1e_m15_200x5MED.csv,469,299951,0.0,0.0,14.970770101133098,7.786255118844995,0.024321413242532088,3.9615943486492675,-0.6853901198298958,0.007405130598533642,1.1589804326817224,3.024489751887361,-0.14221952796634876,6.2268683890388035,19.00845818889104,1,9
train,train_noisy_1e_m15_200x5MED.csv,470,299951,,0.0,,5.665131365154871,0.007865901157898758,4.491743932064825,-1.139078763784187,0.005828303437867215,0.8370187393619208,2.730354446559303,-0.07447634491670284,3.8594715271230893,15.26437638536106,0,9
train,train_noisy_1e_m15_200x5MED.csv,471,299951,0.0,0.0,7.598141071114981,5.5304178588186375,0.018390547887388663,5.237476295064871,-0.8710306208932336,0.006894183491414686,0.9962883073768669,2.5764706415141045,-0.10879354570001909,4.44684959260794,18.93049368900995,2,8
train,train_noisy_1e_m15_200x5MED.csv,472,299951,0.0,0.0,10.421694526568018,5.512935369232715,0.009230031630492852,0.40456490927448563,-0.6416507746730241,0.027926749095696066,0.3084861820691653,3.122511476985318,-0.14921372750809433,6.253116756643151,19.364829268768005,1,7
train,train_noisy_1e_m15_200x5MED.csv,473,299951,,0.0,,7.260461913218717,0.008640983097226192,5.746797602881589,-1.0185028109042618,0.006701767215375331,0.355839146160391,3.14821429649158,-0.12353137173917922,5.0293153141665545,17.471353384362942,0,10
train,train_noisy_1e_m15_200x5MED.csv,474,299951,0.0,0.0,10.832209128036993,2.164431944247004,0.0057182309595349146,1.6930210502026628,-1.0089213829674446,0.007998461433043398,0.3834959815061371,2.8100375945131524,-0.0881618083210498,3.8315618653130707,15.669926450621006,3,6
train,train_noisy_1e_m15_200x5MED.csv,475,299951,,0.0,,7.0891254916852,0.00669610367872537,5.632615495169531,-0.9901217382547676,0.012767995762929302,0.44054915913842907,2.9896744146110765,-0.11372082570763527,4.9027228685581745,16.543492021115014,0,10
train,train_noisy_1e_m15_200x5MED.csv,476,299951,0.0,0.0,14.03796019744999,3.6317227309196483,0.007646549560003981,2.027303137889883,-0.8224444804741377,0.008193953069946417,0.09294363112176553,2.735438837304063,-0.07281917561427059,4.548778114878417,16.996104645298942,2,6
train,train_noisy_1e_m15_200x5MED.csv,477,299951,0.0,0.0,13.249598154136342,2.88349416958215,0.010678071167273403,0.25292675126716,-0.8698802456999696,0.00869320294853821,0.5437148564337854,2.8555752697853762,-0.12052534683726965,4.544194914893767,16.755699286599906,3,6
train,train_noisy_1e_m15_200x5MED.csv,478,299951,0.0,0.0,14.298674943837966,4.149799431097871,0.004750485054608073,2.4553778652216485,-0.6743879276032679,0.009955206910169687,0.2483466319248969,2.995678789848929,-0.12398246345143277,5.827722652198778,19.71659204263301,2,7
train,train_noisy_1e_m15_200x5MED.csv,479,299951,0.0,0.0,12.376212267183575,4.045532208011131,0.03314818204567814,2.171549995163257,-0.7116124693418552,0.005308229469799683,0.5320058180250857,2.8520700559590297,-0.1079241096188718,5.436279952632859,19.15801468718803,2,7
train,train_noisy_1e_m15_200x5MED.csv,480,299951,0.0,0.0,14.98207762550254,3.6319491550418417,0.008446521301767049,2.546102318969526,-0.8373020269488677,0.009325174048366245,0.6661534134711347,2.8342690379753104,-0.11527830752007746,4.550003820399714,19.276063912319046,2,7
train,train_noisy_1e_m15_200x5MED.csv,481,299951,0.0,0.0,9.184370548468507,5.148726008418115,0.028256401049980742,4.717191444154585,-0.7961799414450967,0.006050815686246514,1.0050535533983334,2.9213262814886027,-0.12798630868768832,5.371063311907293,19.42268427871204,2,7
train,train_noisy_1e_m15_200x5MED.csv,482,299951,0.0,0.0,15.508919817732533,5.696597512978412,0.017430802556800424,3.8479458998784164,-0.7617223152832764,0.00855267788833613,0.7936326438090654,3.148043956196334,-0.1429843996229392,5.991319330217486,18.99105096749406,2,7
train,train_noisy_1e_m15_200x5MED.csv,483,299951,,0.0,,6.481803027653301,0.01932543197957359,5.566709587244264,-0.9929333014478066,0.004651666212292528,0.37745752064231386,2.929443758964621,-0.1185177415245728,4.8214956430999365,16.312383303763,0,9
train,train_noisy_1e_m15_200x5MED.csv,484,299951,0.0,0.0,16.81208816165298,3.2243942472393314,0.01775312123408542,1.5725840562973659,-0.665841332748984,0.01181173430141304,0.6952941502642535,3.054784426261504,-0.13714107987464538,5.9755319119815145,19.483123935306992,2,6
train,train_noisy_1e_m15_200x5MED.csv,485,299951,0.0,0.0,15.791684102823012,5.416864894345654,0.0027414680901990357,3.773317385665225,-0.7552907153718097,0.012020883203673255,0.10059677867944657,2.7517442228567286,-0.0903885767746132,4.868716759188066,19.59402265536596,1,9
train,train_noisy_1e_m15_200x5MED.csv,486,299951,0.0,0.0,16.95529170716702,5.965432185580009,0.02036623796421254,0.2815813464356758,-0.8148642583617758,0.0053165575941930944,0.28266605240820936,2.9151703760625565,-0.09878321415177135,4.8766417211540825,16.95529170716702,1,9
train,train_noisy_1e_m15_200x5MED.csv,487,299951,0.0,0.0,10.345390528081992,4.811539290991569,0.007285742960310959,2.4280480458783766,-0.8357655857196038,0.02015929936028721,0.293157684802923,2.940760143495826,-0.12946018965311004,5.048165692495422,16.245863056026025,1,7
train,train_noisy_1e_m15_200x5MED.csv,488,299951,0.0,0.0,16.071109977220015,3.921866464511633,0.019595590037681417,1.8333836275174749,-0.6338273868334765,0.006078221940601092,0.5753463991160098,2.917548188701248,-0.14195695026585717,6.026363986326777,19.665851189339037,3,6
train,train_noisy_1e_m15_200x5MED.csv,489,299951,0.0,0.0,5.894883824695,5.070660819175487,0.0043079503614252435,4.568198928232364,-0.8680740599445667,0.006118879011263374,0.8353434875155481,2.343360579453786,-0.10051791339622418,4.051596764328724,17.073305498238028,2,8
train,train_noisy_1e_m15_200x5MED.csv,490,299951,0.0,0.0,11.737209511407514,5.118760162313627,0.008644690774753626,1.3155163736793307,-0.8421381570780198,0.009060883617722027,0.36826434046896805,2.731566951202468,-0.0895161023222503,4.485091297949549,16.255893965968028,2,8
train,train_noisy_1e_m15_200x5MED.csv,491,299951,0.0,0.0,11.87891295802649,4.074329243884146,0.02096440888730576,1.4111265375630913,-0.6647645053771464,0.005879629280001325,0.4541574253313497,3.0012087745719964,-0.12313108860207346,5.866457850666229,19.050564591689977,2,6
train,train_noisy_1e_m15_200x5MED.csv,492,299951,0.0,0.0,14.492100271850006,4.319759707740336,0.00921038883794664,1.375705329258226,-0.6472338196977903,0.02570232787039457,0.30666683275800555,3.0914695153925753,-0.14429533230841415,6.309521247104667,19.66936807931401,2,6
train,train_noisy_1e_m15_200x5MED.csv,493,299951,0.0,0.0,6.869463720214981,4.733732780174339,0.007541509082876765,1.0374811086889562,-1.1653761309706832,0.005187655857498013,0.002697432468634549,2.661138916171346,-0.06497826115841418,3.17604433038089,13.702503335139,1,9
train,train_noisy_1e_m15_200x5MED.csv,494,299951,0.0,0.0,12.885809481738988,4.220970343721504,0.0029481473810603585,2.1085960249102227,-1.1359577507184448,0.015598632368523165,0.3179413575917252,2.7314527687342878,-0.08707571509323277,3.499756495927399,12.885809481738988,1,8
train,train_noisy_1e_m15_200x5MED.csv,495,299951,0.0,0.0,14.41626671460358,3.921989095536977,0.01046004925942103,2.9967714023472003,-0.7316804676764804,0.008495724274710029,0.18390030721762665,3.039648822414733,-0.12448516578256764,5.651945757971788,18.106646161702997,2,6
train,train_noisy_1e_m15_200x5MED.csv,496,299951,,0.0,,7.194361122563098,0.00705980875191711,2.0190352679894725,-0.8304533487390017,0.01401032464703784,0.09737063319788782,2.896123310961297,-0.10196718615445315,4.979397967550765,15.950474381145966,0,9
train,train_noisy_1e_m15_200x5MED.csv,497,299951,0.0,0.0,13.656491818158997,4.224917126572142,0.02507409909829543,3.376450437741371,-0.7800173416269476,0.0072766272520437955,0.5746599698575112,2.9509090479422193,-0.13068059551398017,5.405196246162496,19.83813525332198,1,7
train,train_noisy_1e_m15_200x5MED.csv,498,299951,0.0,0.0,14.263039913509488,3.370369729485414,0.012349873591332418,0.5867382664796574,-0.8502035421672339,0.004173958406086147,0.3480418760597593,2.675877431733803,-0.09676070692213252,4.156588702408809,18.043313644786963,2,7
train,train_noisy_1e_m15_200x5MED.csv,499,299951,0.0,0.0,8.935868714076037,4.310360330730248,0.026971674304540706,4.291814314858784,-0.7859124499907322,0.0048343965750425036,1.2437343451797438,2.5991013819644455,-0.1116721677043722,4.566252352145683,17.23249769365293,1,8
train,train_noisy_1e_m15_200x5MED.csv,500,299951,0.0,0.0,9.438305969861062,3.9130708877916334,0.007860333155562869,0.7168530339957662,-1.2008411510774852,0.00514048616028301,0.12698899369160285,2.4837401870356994,-0.1288657461289609,2.9277601585542175,9.825281148427052,1,8
train,train_noisy_1e_m15_200x5MED.csv,501,299951,0.0,0.0,5.485304721987063,2.3453124291512117,0.00710217488395826,4.7181888849383355,-0.9676059197223791,0.004449580237727837,0.6303763846443571,2.412221832048161,-0.12865290384494496,3.4359316002005476,15.743295187314061,1,9
train,train_noisy_1e_m15_200x5MED.csv,502,299951,0.0,0.0,13.69724610132198,2.227843615579843,0.00942935211888645,0.5672023999217606,-0.9849967737743318,0.004418323095479408,0.37158876336491553,2.5967011200996337,-0.04701893878865133,3.625802899964701,14.342253528845958,2,6
train,train_noisy_1e_m15_200x5MED.csv,503,299951,0.0,0.0,13.724443778796058,6.413840504148368,0.01704715657146201,3.945172889964952,-0.8539861173595489,0.00903346811009259,0.7659967998128175,3.1799557544085575,-0.1380938877139713,5.464579398331493,18.962451269465078,2,8
train,train_noisy_1e_m15_200x5MED.csv,504,299951,,0.0,,8.759851521604503,0.01670736718581027,7.010153416663088,-0.88193579862596,0.009349590577784858,1.1762105764359385,3.2784883289882436,-0.15152805588842275,6.198119827794168,18.216675079113998,0,10
train,train_noisy_1e_m15_200x5MED.csv,505,299951,0.0,0.0,14.129456463395002,1.8147409321753774,0.003843944183073584,0.4748562437584649,-1.045626779006964,0.010807609364251215,0.9286573316394986,2.391655161630824,-0.08200818211138708,3.2543804776117464,14.129456463395002,1,19
train,train_noisy_1e_m15_200x5MED.csv,506,299951,0.0,0.0,11.016468664839977,3.7399776213852505,0.01700431548289769,2.4951996588919547,-0.7882876670625893,0.008530381199178136,1.016541269176328,2.6246539640188034,-0.07491719232595219,4.407040208772851,19.164225057554006,1,8
train,train_noisy_1e_m15_200x5MED.csv,507,299951,0.0,0.0,17.952713256740992,1.8832492582351676,0.011186835562760244,0.6712508809124467,-0.6317460317216651,0.018230019013981975,0.5656634443583509,2.8794177392874514,-0.11481578702492139,5.937773409255003,19.892327194355005,2,6
train,train_noisy_1e_m15_200x5MED.csv,508,299951,0.0,0.0,12.787273538483987,3.9308346597598365,0.01558464683102016,1.1893616272262295,-0.9192548382414076,0.0056989292889328075,0.5367154466756093,2.9043962051472128,-0.11324484355255898,4.447091659991554,16.05948926470103,1,7
train,train_noisy_1e_m15_200x5MED.csv,509,299951,0.0,0.0,12.662817080203467,0.3284156649167034,0.012211177078926147,4.500798100565994,-0.7612979222489544,0.0071200732918898285,0.4265172193510225,2.4723182609928256,-0.10822330259633403,4.221618869926515,19.684914150070995,2,26
train,train_noisy_1e_m15_200x5MED.csv,510,299951,0.0,0.0,8.198621486729962,5.952245018520387,0.01182772692126791,2.5722862608748507,-0.8631496681714337,0.00820262776702415,0.9908595041241864,2.6406963442474796,-0.1270044147268622,4.534982030513563,17.07231359182606,2,8
train,train_noisy_1e_m15_200x5MED.csv,511,299951,0.0,0.0,10.280616801240322,4.212239142054143,0.008709344075678194,1.1930653121048875,-0.8178001685316609,0.004765404510574614,0.5601852670022065,2.6313962288961243,-0.0856886400601477,4.30289841048982,18.39972673145803,3,7
train,train_noisy_1e_m15_200x5MED.csv,512,299951,0.0,,12.307304391983015,0.858854136031573,0.0058641568174071295,3.743326781846523,-0.7045281637726366,0.008098358846487706,0.4933797113948557,2.5168819010182415,-0.1494872205116752,4.995050987421634,17.96146787674502,3,5
train,train_noisy_1e_m15_200x5MED.csv,513,299951,0.0,0.0,19.214077475287013,3.981018213950165,0.009531670593802782,2.4202317404331426,-0.6186938405641907,0.012292379463464766,0.35541477407655686,3.06285702171253,-0.13693210925449964,6.415136888631156,19.497714279271975,2,6
train,train_noisy_1e_m15_200x5MED.csv,514,299951,0.0,0.0,14.97359332589599,2.1796469292690213,0.004204187253579543,3.264491104340526,-0.7740975423337043,0.010844443717778046,0.34285781726443265,2.6145955272768653,-0.12625498584888264,4.577310980469713,19.47018122774898,2,6
train,train_noisy_1e_m15_200x5MED.csv,515,299951,0.0,0.0,17.321573050462337,5.433823058044429,0.0039775625230579655,0.6400835978513708,-0.6366732840091073,0.02709868414974964,0.5317952136787095,3.1015601601726646,-0.14650267818757592,6.421548827567927,18.873788165174005,3,7
train,train_noisy_1e_m15_200x5MED.csv,516,299951,0.0,0.0,13.027030183436333,3.0344497652011646,0.009603770408232433,2.519818201048724,-0.6451443616436084,0.010482997784294651,0.3635281887700296,2.778040103859599,-0.12320907397213823,5.603292740736173,19.943783357846996,3,6
train,train_noisy_1e_m15_200x5MED.csv,517,299951,0.0,0.0,5.238925812405995,3.361297204550876,0.003944360272453103,1.1481321968226181,-1.0853685358645644,0.012842572628275694,0.05979127935056483,2.249269947168863,-0.052567946082451994,2.868521569770499,13.945638310383998,1,8
train,train_noisy_1e_m15_200x5MED.csv,518,299951,0.0,,9.37900925189435,0.9476516505419909,0.012999153287912188,0.41862498780182245,-0.9150577015091818,0.009194895250903253,0.4737456437356113,2.7098185208409142,-0.08414146080476653,4.058376514885181,16.48323739384398,3,5
train,train_noisy_1e_m15_200x5MED.csv,519,299951,0.0,0.0,12.812035379250517,5.17175998096036,0.004959305070894327,0.027502180405769572,-0.7747198934699888,0.007963392330977488,0.40066247657075277,2.754738067962241,-0.09298372756808061,4.770755523381476,17.011798275204,2,8
train,train_noisy_1e_m15_200x5MED.csv,520,299951,0.0,0.0,11.339663051237437,4.327241079872563,0.014042338544527378,0.5808551907155248,-0.8501699280204349,0.0043624297050741745,0.4196335900348998,2.758210790800852,-0.08503749998650219,4.301066391553643,16.017429213828905,2,7
train,train_noisy_1e_m15_200x5MED.csv,521,299951,0.0,0.0,9.052263222172996,4.094641676785451,0.003254867158901579,2.1472653709278755,-0.9604467211550151,0.012542044952579968,0.03966287317475761,2.5322316519060513,-0.08204303270441758,3.6384763531896516,16.09914861167698,2,7
train,train_noisy_1e_m15_200x5MED.csv,522,299951,0.0,0.0,17.89982184558096,5.504337832134222,0.007360874568253049,0.6353053701190392,-0.8030653175135234,0.00673041278742781,0.742224133513402,2.865534214570428,-0.11106243723241874,4.804139940314795,17.89982184558096,1,9
train,train_noisy_1e_m15_200x5MED.csv,523,299951,0.0,,11.959418707804653,0.7783205540747986,0.006426534795116796,3.2380599861439876,-0.8035329407553337,0.006476888465330347,0.3510048220229743,2.357498719785324,-0.10350160026042639,3.990730996706815,17.979004104617957,3,5
train,train_noisy_1e_m15_200x5MED.csv,524,299951,0.0,0.0,11.159575731000928,3.9734945270531625,0.02334892733611008,2.3483847000491744,-0.8539130253217391,0.005298020801608384,0.4944171325240577,2.7062734567695945,-0.13024702862507873,4.328942362163631,17.919620338365007,2,7
train,train_noisy_1e_m15_200x5MED.csv,525,299951,0.0,0.0,9.341643163062997,3.068099525894569,0.003676618625286515,3.669213608298344,-1.1491545023785124,0.009944122306490678,0.4288578181576048,2.536906876890735,-0.07742219486036445,3.430164314030042,13.027765343463045,2,9
train,train_noisy_1e_m15_200x5MED.csv,526,299951,0.0,0.0,6.1114466060099915,3.682214555388839,0.007986463210642275,2.4359672422748884,-0.7832949249832699,0.017451806721723823,0.051925226717490294,2.6578782849904474,-0.1121542216133128,4.720753506210776,17.398268582740002,2,6
train,train_noisy_1e_m15_200x5MED.csv,527,299951,0.0,0.0,15.297464759242985,5.130877122337374,0.006392206805602793,2.9493335107327376,-0.8487027866771751,0.008485253967925103,0.1643449879772842,2.81395317418262,-0.07754309637456189,4.528428494129138,17.43444355888596,1,8
train,train_noisy_1e_m15_200x5MED.csv,528,299951,0.0,0.0,10.440842639389984,4.010137016508289,0.004340671287101242,1.9408518896215772,-0.6552908973587779,0.005882369325390961,0.47613977567629706,2.4048750667051997,-0.14363745653375004,5.056305294915561,19.66175516992996,2,7
train,train_noisy_1e_m15_200x5MED.csv,529,299951,0.0,0.0,17.592111850340473,6.137244197928865,0.00552962138234857,2.0813944263904167,-0.706334378939876,0.018036826768762438,0.6852200320691209,3.088813118413055,-0.13932629455439516,5.963076407500788,19.45509208915996,2,8
train,train_noisy_1e_m15_200x5MED.csv,530,299951,,0.0,,7.379302913122779,0.02337382148801101,1.6571318454443413,-0.7887022693616228,0.006513572877840866,0.04864159917773006,3.0859949894943504,-0.13606369208563707,5.377905449040608,18.513746334572033,0,9
train,train_noisy_1e_m15_200x5MED.csv,531,299951,0.0,0.0,9.74896364873598,1.893591393755425,0.013811484544021747,0.03195069710857368,-0.7695902093087547,0.009216461167043433,0.518370097110201,2.3638016607521415,-0.09679919455873032,4.07112371615704,17.767306677318004,2,7
train,train_noisy_1e_m15_200x5MED.csv,532,299951,0.0,0.0,19.374736345065486,4.45393855722643,0.003901084997243886,1.0117896186281712,-0.6300033318273924,0.01557658722638502,0.28951410534843974,2.91125726899294,-0.11905046723183484,5.88340969844406,19.759586354682995,2,7
train,train_noisy_1e_m15_200x5MED.csv,533,299951,0.0,0.0,11.705788713154325,0.20557192311350866,0.0005793486152064749,2.4944003448527363,-0.8497960415398341,0.01807136367477041,0.3897671924923663,2.435048710516449,-0.12275186077630988,3.958240486128932,17.35667860310801,3,42
train,train_noisy_1e_m15_200x5MED.csv,534,299951,0.0,0.0,8.242265342031033,4.445393583299116,0.01576822397511776,4.611016319528054,-0.9921907428842366,0.007716997209738225,0.5891730227288559,2.853120137290215,-0.07669443779803764,4.360062905956106,16.813749682009075,1,7
train,train_noisy_1e_m15_200x5MED.csv,535,299951,0.0,0.0,17.015338576471493,6.488376440814882,0.01209549594017918,3.054001683938924,-0.7527963451814234,0.012248664339634868,0.8464368516429339,3.2139695339909657,-0.1470731308663551,6.029196813670029,17.387066268588967,2,8
train,train_noisy_1e_m15_200x5MED.csv,536,299951,0.0,0.0,17.87742494616498,8.280101665291872,0.01921563819820063,1.990819434512491,-0.6224143359378198,0.00921451042927952,0.0375142096165302,3.182074859374648,-0.15069402384100397,6.68415507057464,18.436518749762968,1,9
train,train_noisy_1e_m15_200x5MED.csv,537,299951,0.0,0.0,10.696937655877491,4.990528044528146,0.004818934186038716,1.3297466903002793,-0.8118149959794406,0.018885063066453284,0.3912420693864798,2.8192938355776587,-0.13448095616972283,4.837173660466318,16.420161932501998,2,7
train,train_noisy_1e_m15_200x5MED.csv,538,299951,0.0,0.0,11.363237684912008,1.9244861004031861,0.010217115852677486,2.01583549039908,-0.9047050590241595,0.012680654902682657,0.4515286992497728,2.775634505736001,-0.09184473970120947,4.168611521110265,16.924461796968956,2,6
train,train_noisy_1e_m15_200x5MED.csv,539,299951,,0.0,,5.71080555839875,0.008432845943811895,1.9552527707168341,-0.7036920511115349,0.026590618643523675,0.12941434619714776,3.0153722601037845,-0.12023406635090068,5.761123994358096,18.97657468483999,0,8
train,train_noisy_1e_m15_200x5MED.csv,540,299951,0.0,0.0,11.444866013298991,6.623172898105328,0.0038704577540918596,3.725651174516619,-0.8190575335454758,0.019002548446933613,0.8027420408707557,2.980216082017205,-0.11751523284116107,5.1670088958927725,18.448067458174023,1,9
train,train_noisy_1e_m15_200x5MED.csv,541,299951,0.0,0.0,13.964581340097993,2.3163435933893908,0.016274550164645383,0.8036714131678302,-0.9437078958058998,0.004433581262932378,0.5791059262241951,2.2070460203931916,-0.11117849478880606,3.25400907280162,13.964581340097993,1,8
train,train_noisy_1e_m15_200x5MED.csv,542,299951,0.0,0.0,5.098011282251036,5.158589274445774,0.009646799108820261,4.006759094574129,-1.0878334466845925,0.006786026564152239,1.508897223208385,2.653482618985214,-0.06425797626767288,3.6104138215795976,15.754680134698049,1,9
train,train_noisy_1e_m15_200x5MED.csv,543,299951,0.0,0.0,11.945018439120503,4.970241574862499,0.010276278347916293,1.4003460028207044,-0.9372127622104017,0.009662554148992648,0.9418939988035507,2.849913663507794,-0.10672907675139534,4.289708790905079,15.071743922216967,2,8
train,train_noisy_1e_m15_200x5MED.csv,544,299951,0.0,0.0,18.474810415948014,4.964882435271128,0.018079706075503073,0.2346607653581403,-0.7071680203130539,0.00909882018867507,0.4780416201785113,3.0636086615958322,-0.13809587143816415,5.805115342325286,18.474810415948014,1,7
train,train_noisy_1e_m15_200x5MED.csv,545,299951,0.0,0.0,18.687128128392033,3.6407927316690154,0.018821622884114042,0.6909847203958401,-0.6783669184935203,0.005367890071261969,0.5908210531607753,2.802478118920001,-0.09805319277773897,5.254706688138932,19.616265937973026,2,7
train,train_noisy_1e_m15_200x5MED.csv,546,299951,0.0,0.0,8.638970928153526,3.4268850104018234,0.026257067076326895,2.6064405300489417,-0.7550483272335767,0.005256436942181451,0.5086056210461107,2.517690085698986,-0.14222552831764926,4.631265760886323,17.255490369296012,2,6
train,train_noisy_1e_m15_200x5MED.csv,547,299951,0.0,0.0,7.199458176228973,3.4410635143802324,0.01470550329861169,0.7900873814307392,-1.1963671597090986,0.003751031061873051,0.5430613501796868,2.337361809985324,-0.04657096430026466,2.871075589108146,12.092471685382975,1,8
train,train_noisy_1e_m15_200x5MED.csv,548,299951,0.0,0.0,14.783986768290902,4.652130186724435,0.028652767466261025,2.143669997870601,-0.7825792501428278,0.005802351593371324,0.31974617752463785,3.1316763039732454,-0.1415049458076735,5.520406666202447,17.19773699809207,1,7
train,train_noisy_1e_m15_200x5MED.csv,549,299951,0.0,0.0,6.213872405545004,2.8262585681318972,0.004093246046380203,3.3004731516288217,-0.8562062553893169,0.014336018415317878,0.3215775531109751,2.301235607697015,-0.07419995674298406,3.5978499524543683,18.045918429934034,1,9
train,train_noisy_1e_m15_200x5MED.csv,550,299951,0.0,0.0,11.999845140500994,4.576109747063125,0.001610848232088072,0.2365042784218705,-0.7117305376517594,0.020021457233826537,0.5296027012791255,2.6673004199758124,-0.06793829660623361,4.721654094399714,18.671671507905018,2,8
train,train_noisy_1e_m15_200x5MED.csv,551,299951,0.0,0.0,16.238040180766006,4.09534989765417,0.01745971589442454,2.78398458880162,-0.7197337371658374,0.008558583139166819,0.5729221619450275,2.668333987507839,-0.11292704008334047,4.843054452981714,19.517930543440002,1,11
train,train_noisy_1e_m15_200x5MED.csv,552,299951,0.0,0.0,5.769025584394484,5.827097318318984,0.011576000345518674,4.679715823952041,-0.9516287236881069,0.008429228865462579,1.4814526826796217,2.547742320116665,-0.0799429425738754,4.126007164034666,15.871033926017958,2,8
train,train_noisy_1e_m15_200x5MED.csv,553,299951,0.0,0.0,11.26295302846097,6.590564915097744,0.014469543788913257,1.807815315178062,-0.7777118291558994,0.005208523991389535,0.0031195569108412586,2.854144142070897,-0.1154366517872211,5.024597526322329,16.17976756440703,1,8
train,train_noisy_1e_m15_200x5MED.csv,554,299951,0.0,0.0,5.574341851485997,4.204955809287995,0.014028498037247776,0.772893139799208,-0.9709504513172716,0.006163262859836405,0.05416385115175552,2.660343177926388,-0.07367652783587499,3.689630174237361,15.225083235256989,1,8
train,train_noisy_1e_m15_200x5MED.csv,555,299951,0.0,0.0,8.729572552475474,4.120974542581864,0.0216876481253901,4.034453330593145,-0.8539669330767115,0.006962444762767985,1.1078934483208362,2.8040226575974425,-0.11763761674103254,4.718540836482304,19.28419605653903,2,7
train,train_noisy_1e_m15_200x5MED.csv,556,299951,,0.0,,2.4132514417507025,0.008797812657626657,3.204480816254544,-1.0852920638615884,0.003468434690303601,0.09181012556528537,2.4637465039942055,-0.081510003516529,3.2679939334847043,15.69118618877701,0,12
train,train_noisy_1e_m15_200x5MED.csv,557,299951,,0.0,,6.423603887079992,0.0035312529136839097,5.460980918508136,-0.8559738133832044,0.008519594381234034,0.42303510637771874,2.692348334771399,-0.12247443864798352,4.901115719167888,17.54945553008497,0,10
train,train_noisy_1e_m15_200x5MED.csv,558,299951,0.0,0.0,9.410102312364472,3.4488397274045774,0.020090173433975334,2.9322999104882537,-1.066868695968439,0.0037169424402982826,0.8102974628251065,2.567658682319136,-0.017232914104644746,3.38261721637821,13.906158769291096,2,7
train,train_noisy_1e_m15_200x5MED.csv,559,299951,0.0,0.0,6.524230792130993,3.1839001601471426,0.005677375134805547,1.122736033868061,-1.191500554279599,0.0065434746045648536,0.5887136490804095,2.334473541535506,-0.010890426635774721,2.720084364525551,12.43953391433098,2,7
train,train_noisy_1e_m15_200x5MED.csv,560,299951,0.0,0.0,9.36361030877049,2.385526006410496,0.012324088218731162,0.5406235714796699,-0.9161170988121469,0.008974720768432172,0.3325968928096137,2.603254182232653,-0.07309414564581025,3.8198066937216404,16.242943307664007,2,6
train,train_noisy_1e_m15_200x5MED.csv,561,299951,,0.0,,4.933794592545452,0.01120030836217409,4.692942582326726,-0.956938627868938,0.007869314102515637,0.6488315275255044,2.471782201369532,-0.10438479577080569,4.125557397021511,17.019602955203993,0,9
train,train_noisy_1e_m15_200x5MED.csv,562,299951,0.0,0.0,8.428013717004092,5.373129664278494,0.016904152257059407,4.162885059765066,-0.9038829120897135,0.006534758691803329,1.1513976423626244,2.75668970362002,-0.1032269680559201,4.56162178627441,16.99097905309111,1,8
train,train_noisy_1e_m15_200x5MED.csv,563,299951,0.0,0.0,18.56654057571899,4.547605058142871,0.0022774788836644427,3.0691850402956717,-0.7956047572570558,0.012133087301642505,0.16327773908156284,2.779651169878809,-0.09062422744706879,4.670836744288966,18.56654057571899,1,8
train,train_noisy_1e_m15_200x5MED.csv,564,299951,0.0,0.0,9.154920957805075,3.440096883701114,0.007435978184460883,2.6870991994628914,-1.0385256569698076,0.004699691753513392,0.6682942145328936,2.4970254137750136,-0.10097117809691124,3.47782984478301,14.222715482783087,1,7
train,train_noisy_1e_m15_200x5MED.csv,565,299951,0.0,0.0,14.875907286637016,7.238113142132331,0.005504406285692679,1.8806257559137745,-0.7743325296544123,0.017684963629858826,0.018382982379842382,3.043155612044399,-0.13087194550149434,5.465041251124369,16.797291783459002,1,9
train,train_noisy_1e_m15_200x5MED.csv,566,299951,0.0,0.0,11.822272520019965,4.850732930093628,0.0033637037526839018,2.314026881149,-0.7802167762530927,0.018145380883295443,0.17662653966387726,2.8563664794415957,-0.14814668637413642,4.968924748981539,18.577473047805,1,8
train,train_noisy_1e_m15_200x5MED.csv,567,299951,0.0,0.0,9.255630873935957,2.314137877990232,0.008730665866749773,0.6194621565550089,-1.2140482286341845,0.0032281969323661275,0.11581084153179882,2.4510263858403825,-0.10042270581335347,2.9568674240599337,12.201375963294026,1,9
train,train_noisy_1e_m15_200x5MED.csv,568,299951,0.0,0.0,10.879012706460003,6.201096183214336,0.004953826893919203,3.4263426671872677,-0.7820363472734674,0.013184075976823993,1.2152766288168833,2.802091498622261,-0.1448997630220221,5.021669749714182,19.825289128731015,1,9
train,train_noisy_1e_m15_200x5MED.csv,569,299951,0.0,0.0,12.281455501074504,2.112673982316371,0.013885865055265342,3.284103717453867,-0.7512645549513794,0.009033068076925718,0.6549004618194894,2.6115755108441756,-0.108100886149381,4.7627475359727365,19.089919254118968,2,6
train,train_noisy_1e_m15_200x5MED.csv,570,299951,0.0,0.0,16.84952852180004,5.7424692034648945,0.006148925060103567,3.504766325641929,-0.7308475060318962,0.0076834779931063855,0.1300863955069562,2.8149243889148465,-0.10294187804168732,5.132819928037315,19.704009429432972,1,9
train,train_noisy_1e_m15_200x5MED.csv,571,299951,0.0,0.0,13.024981255564512,5.5739279842947065,0.016952647955733487,0.20609251953802588,-0.6679346852172869,0.009715746220428364,0.4486458927384845,3.018595024145436,-0.12730221192697166,5.907999385446551,18.331667200325,2,7
train,train_noisy_1e_m15_200x5MED.csv,572,299951,0.0,0.0,7.836981549665495,4.565535507770144,0.007094672940206129,1.4824279526378756,-0.8232079740266143,0.017583470467353066,0.5886454578623156,2.8150433660939105,-0.09208889943771911,4.448931177453458,19.197543637714006,2,7
train,train_noisy_1e_m15_200x5MED.csv,573,299951,0.0,0.0,13.943796129841076,3.062003994687555,0.03067194909291239,1.614643819665492,-0.716773179623656,0.005697727767359335,0.31797578402973264,2.8065211227089666,-0.10718208490881506,5.141785046095092,19.385160678880993,1,9
train,train_noisy_1e_m15_200x5MED.csv,574,299951,0.0,0.0,14.878852426418044,4.821050527047126,0.023328848423823288,0.5999849388175864,-0.7505280031597505,0.005718990064201614,0.5673649753024519,3.0014249369019863,-0.13255007787837045,5.413091331992557,18.12548771349907,3,7
train,train_noisy_1e_m15_200x5MED.csv,575,299951,0.0,0.0,6.666101438359988,2.5604110171280063,0.014411209879530974,1.326147824449197,-1.3141875271287542,0.0027612647846094514,0.6640479481330567,2.19761702185526,-0.05838901290870814,2.348537439589696,10.500616348187918,2,7
train,train_noisy_1e_m15_200x5MED.csv,576,299951,0.0,0.0,9.788506847564008,7.379358574372115,0.00956019307728384,0.9625565185447336,-0.7531640566677836,0.013413424137193842,0.649409367446312,3.084645179889394,-0.14330136248554057,5.42961129494258,18.384913007847047,1,9
train,train_noisy_1e_m15_200x5MED.csv,577,299951,0.0,0.0,8.18572587717199,4.191579167350874,0.008157145067662484,2.299563751292748,-0.9298070682379018,0.005366734416361575,0.07921517953087237,2.309547612247939,-0.09794389995970457,3.3714753758479894,16.372999309983015,1,9
train,train_noisy_1e_m15_200x5MED.csv,578,299951,0.0,0.0,5.265508532620004,1.2541352225433635,0.006285682397745733,0.33459994712896535,-0.927236822282634,0.007463703982032258,0.5173949990808833,2.2696777118238085,-0.10566679419588267,3.412686849136068,14.882426653195978,1,35
train,train_noisy_1e_m15_200x5MED.csv,579,299951,0.0,0.0,15.74174874074697,6.481159519786004,0.016723591072894447,3.706622474333142,-0.6943584691780365,0.008995892739979725,0.16636629275472264,3.0518446313459897,-0.13283396077523082,5.958529250145752,19.54994609664095,1,8
train,train_noisy_1e_m15_200x5MED.csv,580,299951,0.0,0.0,15.489857940647482,4.198719236065169,0.024028436973807285,1.8397513143918465,-0.7113227340742746,0.005706753086212441,0.5125231246883573,2.9968627091789672,-0.1331145844766844,5.740223414273335,18.89230113202302,2,6
train,train_noisy_1e_m15_200x5MED.csv,581,299951,0.0,0.0,17.657933662163998,1.4371087430586202,0.01480719355558299,5.91093301982297,-0.777757607365485,0.009764483050557809,0.617340826403999,2.5515200499745627,-0.14237170491590964,4.6721324360614895,18.058575620981003,1,13
train,train_noisy_1e_m15_200x5MED.csv,582,299951,0.0,0.0,5.534029923691435,2.963179427347297,0.009251004303847492,1.7344928339775056,-1.1569885337087313,0.0038992536821493345,0.45193539028130725,2.3741998794822035,-0.038997939523170815,2.8914384664711728,12.88941725020004,2,7
train,train_noisy_1e_m15_200x5MED.csv,583,299951,0.0,0.0,13.048109562630032,5.871005712134128,0.014245802181584515,1.6895485837813569,-0.7211232960391147,0.011120367345854306,0.700445143189977,2.9188153711303353,-0.1222411593723322,5.435496088429642,19.168519322908026,1,8
train,train_noisy_1e_m15_200x5MED.csv,584,299951,0.0,0.0,15.535377953326531,5.555753928876868,0.02428050542770293,2.749836376742163,-0.7512773965337646,0.006655959944532495,0.9469898305194847,2.9621927366588223,-0.10979762407727314,5.483590279022753,19.05621373490908,2,8
train,train_noisy_1e_m15_200x5MED.csv,585,299951,0.0,,11.117694616651988,0.794287597313405,0.004284562726951131,4.616854111705155,-0.7756848402943646,0.009667054759061416,0.44284626541987465,2.4780193678702647,-0.14156494469925632,4.445994088776436,18.216201070514956,3,5
train,train_noisy_1e_m15_200x5MED.csv,586,299951,0.0,0.0,9.528935422494555,4.3999716297829865,0.018799901298331853,1.5059574745865372,-0.9723773043427114,0.004355607575897414,0.5003599911282297,2.732117011273291,-0.11856126631634516,4.111434704848363,14.451498617011907,2,7
train,train_noisy_1e_m15_200x5MED.csv,587,299951,,0.0,,7.772663816430344,0.017325869595403057,3.9366129593638237,-0.7825143244707669,0.007036768921134037,0.055114843669207096,3.237639667850518,-0.14564877268166304,5.958901241066916,18.89260540076191,0,9
train,train_noisy_1e_m15_200x5MED.csv,588,299951,0.0,0.0,8.456504199276992,2.0741158129564106,0.022779403517581048,2.671926672369701,-0.8824292473116284,0.004394774399960261,1.1355654094791416,2.3939334627738527,-0.0710623061536828,3.5791313682765624,17.49317289157591,1,19
train,train_noisy_1e_m15_200x5MED.csv,589,299951,0.0,0.0,14.809681679359338,2.0771433173060054,0.004785587223509202,0.6958719699681248,-0.6612394778813117,0.009883731431777662,0.37834132700774303,2.9520076647387654,-0.11333866877111803,5.730103612743255,19.985136848983984,3,6
train,train_noisy_1e_m15_200x5MED.csv,590,299951,,0.0,,5.988711509268455,0.012428620342563666,5.8278788896211315,-0.9674090396453994,0.011817759777886556,1.2009014985297553,3.074434776232303,-0.12610153091762397,5.086870998814574,17.69854780772596,0,9
train,train_noisy_1e_m15_200x5MED.csv,591,299951,,0.0,,6.351145690712662,0.005280781929519761,5.619231969489032,-0.8869455600576002,0.017718471052789016,0.9657010029235388,2.8705500547118565,-0.11249802351613006,4.9477740852726635,19.047814621122,0,9
train,train_noisy_1e_m15_200x5MED.csv,592,299951,0.0,0.0,13.137156014450483,2.234521972487861,0.015245543694337263,3.818209119085207,-0.7317561053613851,0.009577187551085668,0.8483536703291703,2.4351093170201903,-0.10256923109063638,4.717768232055932,18.276382868346957,2,7
train,train_noisy_1e_m15_200x5MED.csv,593,299951,0.0,0.0,18.207883390956994,4.396429111574142,0.0030665304152795152,2.7641318139945796,-0.860462231006754,0.01951139695843697,0.22185189898709248,2.7536266563296814,-0.13140288469296496,4.701105884968927,18.207883390956994,1,7
train,train_noisy_1e_m15_200x5MED.csv,594,299951,0.0,0.0,8.608595907943936,2.2168849235593275,0.005842548165109806,0.08924372332576347,-0.865530927091986,0.0050177257051985495,0.5721134898997514,2.407630279682067,-0.11760084584262626,3.739358539777826,17.131082145162054,1,19
train,train_noisy_1e_m15_200x5MED.csv,595,299951,0.0,0.0,14.052759200889511,5.654619711093558,0.022010446897163125,2.041064624589178,-0.6435186299401587,0.008430309478247093,0.1335927031198745,3.084873848289738,-0.13367046649017364,6.20517387217857,19.981018181196987,2,7
train,train_noisy_1e_m15_200x5MED.csv,596,299951,,0.0,,5.5688346895906164,0.014090279724529486,3.0547454637276856,-0.8079159907159543,0.009232281013260828,0.16543877051495653,2.8812121580878274,-0.10690125718358752,5.150388446349688,17.026783728715998,0,8
train,train_noisy_1e_m15_200x5MED.csv,597,299951,0.0,0.0,12.458600496290956,4.441554358913493,0.015452169647018909,1.6778785996285013,-1.1021805681109704,0.004294845803065431,1.1313496783439176,2.7138608729046423,-0.10031421477954074,3.6684759446963757,12.458600496290956,1,8
train,train_noisy_1e_m15_200x5MED.csv,598,299951,0.0,0.0,4.160442054360033,5.325334047475296,0.0084754074488742,0.7490856626994811,-0.7112244408047935,0.007654854451051009,0.054565341243159204,2.527451404371614,-0.10060361452463501,4.914561419901675,18.058267940799965,1,7
train,train_noisy_1e_m15_200x5MED.csv,599,299951,0.0,0.0,13.211704169615018,6.1487259258204965,0.003647059703650522,1.9834368174882568,-0.7585355897104893,0.02510043104429054,0.23894134913341072,3.079880126968106,-0.13457730493794012,5.63167943688439,18.724084736227013,1,8
train,train_noisy_1e_m15_200x5MED.csv,600,299951,0.0,0.0,13.898802938142978,3.499855277816583,0.0009897033665360328,4.6677788668991,-0.7636158179546344,0.014629970657744497,0.0692601789453139,2.5074871913501453,-0.1249219274333757,4.731637096417314,18.866937254610946,2,7
