{
  "model": "random_forest",
  "feature_set": "engineered",
  "mae": 0.1353902007893991,
  "rmse": 0.16913863518084474,
  "r2": 0.7331948663791252,
  "n": 6000,
  "placeholder": true
}