{
  "method": "servo_dl_offline_baseline",
  "eval": "holdout_test",
  "placeholder": false,
  "note": "sklearn MLP baseline + PCA 重建誤差（健康資料擬合）。真正的 1D-CNN / Autoencoder 需離線 torch、且需真實 PHM 時序資料，列為後續工作。",
  "mlp_classification_macro_f1": 0.711210465308826,
  "mlp_regression": {
    "mae": 0.06026390750010366,
    "r2": 0.911814740865276
  },
  "reconstruction_error_by_class": {
    "LN": 0.020643951970600677,
    "LO": 0.028441979635672562,
    "MED": 0.26608768791106796,
    "HI": 1.187017612811382
  },
  "labels": [
    "LN",
    "LO",
    "MED",
    "HI"
  ]
}