bearing,n_snapshots,life_hours,fpt_index,lead_time_hours,lead_frac_of_life,mae_hours,rmse_hours,n_eval,hi_base,hi_fail
Bearing1_1,123,2.033333333333333,13,1.8166666666666664,0.8934426229508196,0.5233880139378595,0.6536261794485672,106,0.6001835045456756,3.778452104821082
Bearing1_2,161,2.6666666666666665,37,2.05,0.7687499999999999,1.3887748296003017,1.4899617632871325,116,0.6093847971031136,4.536166289364616
Bearing1_3,158,2.6166666666666667,13,2.4,0.9171974522292993,0.47119065558274364,0.5984221379882705,134,0.497945877386777,4.22503864400477
Bearing1_4,122,2.0166666666666666,87,0.5666666666666667,0.2809917355371901,0.37237637202825485,0.39353396157192244,10,0.4365619905886292,0.4977016068395138
Bearing1_5,52,0.85,27,0.39999999999999997,0.47058823529411764,0.07113540138080358,0.08748087617208632,21,0.9683499199761177,5.6679389795673565
