{
  "feature_set": "engineered",
  "feature_columns": [
    "current_rms",
    "torque_std",
    "rotor_speed_std",
    "position_error_mean",
    "position_error_max",
    "quadrature_rms",
    "direct_rms"
  ],
  "labels": [
    "LN",
    "LO",
    "MED",
    "HI"
  ],
  "label_zh": {
    "LN": "健康",
    "LO": "輕度退化",
    "MED": "中度退化",
    "HI": "高度退化"
  },
  "dv_risk": {
    "low_max": 0.2,
    "medium_max": 0.48
  },
  "healthy_baseline": {
    "current_rms": {
      "mean": 3.521384366721686,
      "std": 0.22171798418878116
    },
    "torque_std": {
      "mean": 5.222177652293874,
      "std": 0.32927731258714554
    },
    "rotor_speed_std": {
      "mean": 63.32439257160575,
      "std": 7.547090774440281
    },
    "position_error_mean": {
      "mean": -0.0191784352938755,
      "std": 0.991010147024196
    },
    "position_error_max": {
      "mean": 15.074590355708843,
      "std": 4.552472994687173
    },
    "quadrature_rms": {
      "mean": 4.973512848278378,
      "std": 0.3135918454096451
    },
    "direct_rms": {
      "mean": 0.2537105551370277,
      "std": 0.008659540658896838
    }
  },
  "clf_model": "logistic_regression",
  "reg_model": "random_forest",
  "clf_macro_f1": 0.7566458195358798,
  "reg_r2": 0.9372396218644935,
  "eval_mode": "holdout_test",
  "placeholder": false
}